/dev/CMSSW_8_0_0/GRun/V58																				EXO				
																				EXO				
stream ALCAELECTRON				1e34	7e33	5e33	3.5e33	2e33	1e33	7e32	5e32	3.5e32	2e32	1e32		Level 1 Trigger seeds		L1 seeds OK ?	Proposed L1 Seeds	Group				
	dataset AlCaElectron																							
		AlCa_DoubleEle_CaloIdL_TrackIdL_IsoVL_DZ_v1		1	1	1	1	1	1	1	1	1	1	1		L1_DoubleEG_24_17 OR L1_DoubleEG_20_18 OR L1_DoubleEG_18_17		no, CMSHLT-766	L1_DoubleEG_24_17 OR L1_DoubleEG_20_18 OR L1_DoubleEG_18_17 OR L1_DoubleEG_22_12 OR L1_DoubleEG_22_15 OR L1_DoubleEG_15_10 OR L1_DoubleEG23_10					
		AlCa_DoubleEle_CaloIdL_TrackIdL_IsoVL_v1		1	1	1	1	1	1	1	1	1	1	1		L1_DoubleEG_24_17 OR L1_DoubleEG_20_18 OR L1_DoubleEG_18_17		no, CMSHLT-766	L1_DoubleEG_24_17 OR L1_DoubleEG_20_18 OR L1_DoubleEG_18_17 OR L1_DoubleEG_22_12 OR L1_DoubleEG_22_15 OR L1_DoubleEG_15_10 OR L1_DoubleEG23_10					
		AlCa_SingleEle_WPVeryLoose_Gsf_v1		1	1	1	1	1	1	1	1	1	1	1		L1_SingleIsoEG24 OR L1_SingleIsoEG26 OR L1_SingleIsoEG28 OR L1_SingleIsoEG30 OR L1_SingleIsoEG34		no, CMSHLT-765 (minor. Only for low lumi)	L1_SingleIsoEG24 OR L1_SingleIsoEG26 OR L1_SingleIsoEG28 OR L1_SingleIsoEG30 OR L1_SingleIsoEG34 OR L1_SingleIsoEG18 OR L1_SingleIsoEG20 OR L1_SingleIsoEG22					
stream ALCALUMIPIXELS																								
	dataset AlCaLumiPixels																							
		AlCa_LumiPixels_Random_v1		12	12	12	12	12	12	12	12	12	12	12		(none)		yes						
		AlCa_LumiPixels_ZeroBias_v2		45	45	45	45	45	45	45	45	45	45	45		L1_ZeroBias		yes						
stream ALCAP0																								
	dataset AlCaP0																							
		AlCa_EcalEtaEBonly_v3		5	5	5	5	5	5	5	5	5	5	5		L1_AlwaysTrue OR L1_SingleEG5 OR L1_SingleEG10 OR L1_SingleEG15 OR L1_SingleEG18 OR L1_SingleEG24 OR L1_SingleEG26 OR L1_SingleEG28 OR L1_SingleEG30 OR L1_SingleEG34 OR L1_SingleEG40 OR L1_SingleEG45 OR L1_SingleIsoEG18 OR L1_SingleIsoEG20 OR L1_SingleIsoEG22 OR L1_SingleIsoEG24 OR L1_SingleIsoEG26 OR L1_SingleIsoEG28 OR L1_SingleIsoEG30 OR L1_SingleIsoEG34 OR L1_SingleIsoEG18er OR L1_SingleIsoEG20er OR L1_SingleIsoEG22er OR L1_SingleIsoEG24er OR L1_SingleIsoEG26er OR L1_SingleIsoEG28er OR L1_SingleIsoEG30er OR L1_SingleIsoEG34er OR L1_DoubleEG_15_10 OR L1_DoubleEG_18_17 OR L1_DoubleEG_20_18 OR L1_DoubleEG_22_10 OR L1_DoubleEG_24_17 OR L1_SingleJet16 OR L1_SingleJet20 OR L1_SingleJet35 OR L1_SingleJet160 OR L1_SingleJet90 OR L1_SingleJet120 OR L1_SingleJet140 OR L1_SingleJet150 OR L1_SingleJet160 OR L1_SingleJet170 OR L1_SingleJet180 OR L1_SingleJet200 OR L1_DoubleJetC40 OR L1_DoubleJetC50 OR L1_DoubleJetC60 OR L1_DoubleJetC80 OR L1_DoubleJetC100 OR L1_DoubleJetC112 OR L1_DoubleJetC120 OR L1_TripleJet_88_72_56_VBF OR L1_TripleJet_84_68_48_VBF OR L1_TripleJet_92_76_64_VBF OR L1_QuadJetC40 OR L1_QuadJetC50 OR L1_QuadJetC60 OR L1_HTT120 OR L1_HTT160 OR L1_HTT200 OR L1_HTT240 OR L1_HTT255 OR L1_HTT270 OR L1_HTT280 OR L1_HTT300 OR L1_HTT320 OR L1_HTT220	...	no, CMSHLT-767	Please add in OR also L1_DoubleEG_22_12 OR L1_DoubleEG_22_15 OR L1_SingleJet60					
		AlCa_EcalEtaEEonly_v3		1	1	1	1	1	1	1	1	1	1	1		L1_AlwaysTrue OR L1_SingleEG5 OR L1_SingleEG10 OR L1_SingleEG15 OR L1_SingleEG18 OR L1_SingleEG24 OR L1_SingleEG26 OR L1_SingleEG28 OR L1_SingleEG30 OR L1_SingleEG34 OR L1_SingleEG40 OR L1_SingleEG45 OR L1_SingleIsoEG18 OR L1_SingleIsoEG20 OR L1_SingleIsoEG22 OR L1_SingleIsoEG24 OR L1_SingleIsoEG26 OR L1_SingleIsoEG28 OR L1_SingleIsoEG30 OR L1_SingleIsoEG34 OR L1_SingleIsoEG18er OR L1_SingleIsoEG20er OR L1_SingleIsoEG22er OR L1_SingleIsoEG24er OR L1_SingleIsoEG26er OR L1_SingleIsoEG28er OR L1_SingleIsoEG30er OR L1_SingleIsoEG34er OR L1_DoubleEG_15_10 OR L1_DoubleEG_18_17 OR L1_DoubleEG_20_18 OR L1_DoubleEG_22_10 OR L1_DoubleEG_24_17 OR L1_SingleJet16 OR L1_SingleJet20 OR L1_SingleJet35 OR L1_SingleJet160 OR L1_SingleJet90 OR L1_SingleJet120 OR L1_SingleJet140 OR L1_SingleJet150 OR L1_SingleJet160 OR L1_SingleJet170 OR L1_SingleJet180 OR L1_SingleJet200 OR L1_DoubleJetC40 OR L1_DoubleJetC50 OR L1_DoubleJetC60 OR L1_DoubleJetC80 OR L1_DoubleJetC100 OR L1_DoubleJetC112 OR L1_DoubleJetC120 OR L1_TripleJet_88_72_56_VBF OR L1_TripleJet_84_68_48_VBF OR L1_TripleJet_92_76_64_VBF OR L1_QuadJetC40 OR L1_QuadJetC50 OR L1_QuadJetC60 OR L1_HTT120 OR L1_HTT160 OR L1_HTT200 OR L1_HTT240 OR L1_HTT255 OR L1_HTT270 OR L1_HTT280 OR L1_HTT300 OR L1_HTT320 OR L1_HTT220	...	no, CMSHLT-767	Please add in OR also L1_DoubleEG_22_12 OR L1_DoubleEG_22_15 OR L1_SingleJet60					
		AlCa_EcalPi0EBonly_v3		5	5	5	5	5	5	5	5	5	5	5		L1_AlwaysTrue OR L1_SingleEG5 OR L1_SingleEG10 OR L1_SingleEG15 OR L1_SingleEG18 OR L1_SingleEG24 OR L1_SingleEG26 OR L1_SingleEG28 OR L1_SingleEG30 OR L1_SingleEG34 OR L1_SingleEG40 OR L1_SingleEG45 OR L1_SingleIsoEG18 OR L1_SingleIsoEG20 OR L1_SingleIsoEG22 OR L1_SingleIsoEG24 OR L1_SingleIsoEG26 OR L1_SingleIsoEG28 OR L1_SingleIsoEG30 OR L1_SingleIsoEG34 OR L1_SingleIsoEG18er OR L1_SingleIsoEG20er OR L1_SingleIsoEG22er OR L1_SingleIsoEG24er OR L1_SingleIsoEG26er OR L1_SingleIsoEG28er OR L1_SingleIsoEG30er OR L1_SingleIsoEG34er OR L1_DoubleEG_15_10 OR L1_DoubleEG_18_17 OR L1_DoubleEG_20_18 OR L1_DoubleEG_22_10 OR L1_DoubleEG_24_17 OR L1_SingleJet16 OR L1_SingleJet20 OR L1_SingleJet35 OR L1_SingleJet160 OR L1_SingleJet90 OR L1_SingleJet120 OR L1_SingleJet140 OR L1_SingleJet150 OR L1_SingleJet160 OR L1_SingleJet170 OR L1_SingleJet180 OR L1_SingleJet200 OR L1_DoubleJetC40 OR L1_DoubleJetC50 OR L1_DoubleJetC60 OR L1_DoubleJetC80 OR L1_DoubleJetC100 OR L1_DoubleJetC112 OR L1_DoubleJetC120 OR L1_TripleJet_88_72_56_VBF OR L1_TripleJet_84_68_48_VBF OR L1_TripleJet_92_76_64_VBF OR L1_QuadJetC40 OR L1_QuadJetC50 OR L1_QuadJetC60 OR L1_HTT120 OR L1_HTT160 OR L1_HTT200 OR L1_HTT240 OR L1_HTT255 OR L1_HTT270 OR L1_HTT280 OR L1_HTT300 OR L1_HTT320 OR L1_HTT220	...	no, CMSHLT-767	Please add in OR also L1_DoubleEG_22_12 OR L1_DoubleEG_22_15 OR L1_SingleJet60					
		AlCa_EcalPi0EEonly_v3		1	1	1	1	1	1	1	1	1	1	1		L1_AlwaysTrue OR L1_SingleEG5 OR L1_SingleEG10 OR L1_SingleEG15 OR L1_SingleEG18 OR L1_SingleEG24 OR L1_SingleEG26 OR L1_SingleEG28 OR L1_SingleEG30 OR L1_SingleEG34 OR L1_SingleEG40 OR L1_SingleEG45 OR L1_SingleIsoEG18 OR L1_SingleIsoEG20 OR L1_SingleIsoEG22 OR L1_SingleIsoEG24 OR L1_SingleIsoEG26 OR L1_SingleIsoEG28 OR L1_SingleIsoEG30 OR L1_SingleIsoEG34 OR L1_SingleIsoEG18er OR L1_SingleIsoEG20er OR L1_SingleIsoEG22er OR L1_SingleIsoEG24er OR L1_SingleIsoEG26er OR L1_SingleIsoEG28er OR L1_SingleIsoEG30er OR L1_SingleIsoEG34er OR L1_DoubleEG_15_10 OR L1_DoubleEG_18_17 OR L1_DoubleEG_20_18 OR L1_DoubleEG_22_10 OR L1_DoubleEG_24_17 OR L1_SingleJet16 OR L1_SingleJet20 OR L1_SingleJet35 OR L1_SingleJet160 OR L1_SingleJet90 OR L1_SingleJet120 OR L1_SingleJet140 OR L1_SingleJet150 OR L1_SingleJet160 OR L1_SingleJet170 OR L1_SingleJet180 OR L1_SingleJet200 OR L1_DoubleJetC40 OR L1_DoubleJetC50 OR L1_DoubleJetC60 OR L1_DoubleJetC80 OR L1_DoubleJetC100 OR L1_DoubleJetC112 OR L1_DoubleJetC120 OR L1_TripleJet_88_72_56_VBF OR L1_TripleJet_84_68_48_VBF OR L1_TripleJet_92_76_64_VBF OR L1_QuadJetC40 OR L1_QuadJetC50 OR L1_QuadJetC60 OR L1_HTT120 OR L1_HTT160 OR L1_HTT200 OR L1_HTT240 OR L1_HTT255 OR L1_HTT270 OR L1_HTT280 OR L1_HTT300 OR L1_HTT320 OR L1_HTT220	...	no, CMSHLT-767	Please add in OR also L1_DoubleEG_22_12 OR L1_DoubleEG_22_15 OR L1_SingleJet60					
stream ALCAPHISYM																								
	dataset AlCaPhiSym																							
		AlCa_EcalPhiSym_v3		1	1	1	1	1	1	1	1	1	1	1		L1_ZeroBias OR L1_AlwaysTrue		yes						
stream Parking																								
	dataset ParkingHT410to430																							
		HLT_HT410to430_v1		1	1	1	1	1	1	1	1	1	1	1		L1_HTT220 OR L1_HTT255 OR L1_HTT280 OR L1_HTT300		No	L1_HTT200 OR L1_HTT240 OR L1_HTT270 OR L1_HTT280 OR L1_HTT300	EXO				
	dataset ParkingHT430to450																							
		HLT_HT430to450_v1		1	1	1	1	1	1	1	1	1	1	1		L1_HTT220 OR L1_HTT255 OR L1_HTT280 OR L1_HTT300		No	L1_HTT200 OR L1_HTT240 OR L1_HTT270 OR L1_HTT280 OR L1_HTT300	EXO				
	dataset ParkingHT450to470																							
		HLT_HT450to470_v1		1	1	1	1	1	1	1	1	1	1	1		L1_HTT220 OR L1_HTT255 OR L1_HTT280 OR L1_HTT300		No	L1_HTT200 OR L1_HTT240 OR L1_HTT270 OR L1_HTT280 OR L1_HTT300	EXO				
	dataset ParkingHT470to500																							
		HLT_HT470to500_v1		1	1	1	1	1	1	1	1	1	1	1		L1_HTT220 OR L1_HTT255 OR L1_HTT280 OR L1_HTT300		No	L1_HTT200 OR L1_HTT240 OR L1_HTT270 OR L1_HTT280 OR L1_HTT300	EXO				
	dataset ParkingHT500to550																							
		HLT_HT500to550_v1		1	1	1	1	1	1	1	1	1	1	1		L1_HTT220 OR L1_HTT255 OR L1_HTT280 OR L1_HTT300		No	L1_HTT200 OR L1_HTT240 OR L1_HTT270 OR L1_HTT280 OR L1_HTT300	EXO				
	dataset ParkingHT550to650																							
		HLT_HT550to650_v1		1	1	1	1	1	1	1	1	1	1	1		L1_HTT220 OR L1_HTT255 OR L1_HTT280 OR L1_HTT300		No	L1_HTT200 OR L1_HTT240 OR L1_HTT270 OR L1_HTT280 OR L1_HTT300	EXO				
	dataset ParkingHT650																							
		HLT_HT650_v2		1	1	1	1	1	1	1	1	1	1	1		L1_HTT220 OR L1_HTT255 OR L1_HTT280 OR L1_HTT300		No	L1_HTT200 OR L1_HTT240 OR L1_HTT270 OR L1_HTT280 OR L1_HTT300	EXO				
stream PhysicsEGammaCommissioning																								
	dataset Commissioning																							
		HLT_DiSC30_18_EIso_AND_HE_Mass70_v1		500	500	500	500	500	500	500	500	500	500	500		L1_SingleEG26 OR L1_SingleEG30 OR L1_DoubleEG_15_10 OR L1_DoubleEG_18_17 OR L1_DoubleEG_20_18 OR L1_DoubleEG_23_10 OR L1_DoubleEG_22_10 OR L1_DoubleEG_24_17	...	CMSHLT-774	L1_SingleIsoEG22er OR L1_SingleIsoEG24 OR L1_SingleEG40 OR L1_DoubleEG_18_17 OR L1_DoubleEG_22_12  OR L1_DoubleEG_15_10					
		HLT_IsoTrackHB_v1		1	1	1	1	1	1	1	1	1	1	1		L1_SingleJet60		yes						
		HLT_IsoTrackHE_v1		1	1	1	1	1	1	1	1	1	1	1		L1_SingleJet60		yes						
		HLT_L1SingleMuOpen_DT_v2		0	0	0	0	0	0	0	0	0	0	0		L1_SingleMuOpen								
		HLT_L1Tech_DT_GlobalOR_v2		3000	3000	3000	3000	3000	3000	3000	3000	3000	3000	3000		L1_ZeroBias								
	dataset DoubleEG																							
		HLT_Diphoton30EB_18EB_R9Id_OR_IsoCaloId_AND_HE_R9Id_DoublePixelVeto_Mass55_v1		1	1	1	1	1	1	1	1	1	1	1		L1_SingleEG40 OR L1_SingleEG26 OR L1_DoubleEG_22_10 OR L1_DoubleEG_24_17 OR L1_DoubleEG_15_10 OR L1_DoubleEG_18_17 OR L1_DoubleEG_20_18 OR L1_DoubleEG_23_10	...	CMSHLT-764	L1_SingleEG40 OR L1_SingleIsoEG24 OR L1_DoubleEG_15_10 OR L1_DoubleEG_22_12 OR L1_DoubleEG_18_17	HIG				
		HLT_Diphoton30PV_18PV_R9Id_AND_IsoCaloId_AND_HE_R9Id_DoublePixelVeto_Mass55_v1		1	1	1	1	1	1	1	1	1	1	1		L1_SingleEG40 OR L1_SingleEG26 OR L1_DoubleEG_22_10 OR L1_DoubleEG_24_17 OR L1_DoubleEG_15_10 OR L1_DoubleEG_18_17 OR L1_DoubleEG_20_18 OR L1_DoubleEG_23_10	...	CMSHLT-764	L1_SingleEG40 OR L1_SingleIsoEG24 OR L1_DoubleEG_15_10 OR L1_DoubleEG_22_12 OR L1_DoubleEG_18_17	HIG				
		HLT_Diphoton30_18_R9Id_OR_IsoCaloId_AND_HE_R9Id_DoublePixelSeedMatch_Mass70_v1		1	1	1	1	1	1	1	1	1	1	1		L1_SingleEG40 OR L1_SingleEG26 OR L1_DoubleEG_22_10 OR L1_DoubleEG_24_17 OR L1_DoubleEG_15_10 OR L1_DoubleEG_18_17 OR L1_DoubleEG_20_18 OR L1_DoubleEG_23_10	...	CMSHLT-764	L1_SingleEG40 OR L1_SingleIsoEG24 OR L1_DoubleEG_15_10 OR L1_DoubleEG_22_12 OR L1_DoubleEG_18_17	HIG				
		HLT_Diphoton30_18_R9Id_OR_IsoCaloId_AND_HE_R9Id_Mass90_v1		1	1	1	1	1	1	1	1	1	1	1		L1_SingleEG40 OR L1_SingleEG26 OR L1_DoubleEG_22_10 OR L1_DoubleEG_24_17 OR L1_DoubleEG_15_10 OR L1_DoubleEG_18_17 OR L1_DoubleEG_20_18 OR L1_DoubleEG_23_10	...	CMSHLT-764	L1_SingleEG40 OR L1_SingleIsoEG24 OR L1_DoubleEG_15_10 OR L1_DoubleEG_22_12 OR L1_DoubleEG_18_17	HIG				
		HLT_Diphoton30_18_Solid_R9Id_AND_IsoCaloId_AND_HE_R9Id_Mass55_v1		1	1	1	1	1	1	1	1	1	1	1		L1_SingleEG40 OR L1_SingleEG26 OR L1_DoubleEG_22_10 OR L1_DoubleEG_24_17 OR L1_DoubleEG_15_10 OR L1_DoubleEG_18_17 OR L1_DoubleEG_20_18 OR L1_DoubleEG_23_10	...	CMSHLT-764	L1_SingleEG40 OR L1_SingleIsoEG24 OR L1_DoubleEG_15_10 OR L1_DoubleEG_22_12 OR L1_DoubleEG_18_17	HIG				
		HLT_DoubleEle24_22_eta2p1_WPLoose_Gsf_v2		1	1	1	1	1	1	1	1	1	1	1		L1_DoubleEG_22_10 OR L1_DoubleEG_24_17								
		HLT_DoubleEle33_CaloIdL_GsfTrkIdVL_MW_v3		1	1	1	1	1	1	1	1	1	1	1		L1_SingleEG40 OR L1_SingleEG40 OR L1_SingleEG30 OR L1_SingleEG26 OR L1_SingleEG24 OR L1_DoubleEG_22_10 OR L1_DoubleEG_24_17 OR L1_SingleJet200	...	no	L1_SingleEG40 OR L1_SingleEG40 OR L1_SingleEG30 OR L1_SingleEG26 OR L1_SingleEG24 OR L1_DoubleEG_22_10 OR L1_DoubleEG_24_17 OR L1_SingleJet170	EXO				
		HLT_DoubleEle33_CaloIdL_GsfTrkIdVL_v3		1	1	1	1	1	1	1	1	1	1	1		L1_SingleEG40 OR L1_SingleEG40 OR L1_SingleEG30 OR L1_SingleEG26 OR L1_SingleEG24 OR L1_DoubleEG_22_10 OR L1_DoubleEG_24_17 OR L1_SingleJet200	...	no	L1_SingleEG40 OR L1_SingleEG40 OR L1_SingleEG30 OR L1_SingleEG26 OR L1_SingleEG24 OR L1_DoubleEG_22_10 OR L1_DoubleEG_24_17 OR L1_SingleJet170	EXO				
		HLT_DoubleEle33_CaloIdL_MW_v1		1	1	1	1	1	1	1	1	1	1	1		L1_SingleEG40 OR L1_SingleEG40 OR L1_SingleEG30 OR L1_SingleEG26 OR L1_SingleEG24 OR L1_DoubleEG_22_10 OR L1_DoubleEG_24_17 OR L1_SingleJet200	...	no	L1_SingleEG40 OR L1_SingleEG40 OR L1_SingleEG30 OR L1_SingleEG26 OR L1_SingleEG24 OR L1_DoubleEG_22_10 OR L1_DoubleEG_24_17 OR L1_SingleJet170	EXO				
		HLT_DoubleEle33_CaloIdL_v1		1	1	1	1	1	1	1	1	1	1	1		L1_SingleEG40 OR L1_SingleEG40 OR L1_SingleEG30 OR L1_SingleEG26 OR L1_SingleEG24 OR L1_DoubleEG_22_10 OR L1_DoubleEG_24_17 OR L1_SingleJet200	...	no	L1_SingleEG40 OR L1_SingleEG40 OR L1_SingleEG30 OR L1_SingleEG26 OR L1_SingleEG24 OR L1_DoubleEG_22_10 OR L1_DoubleEG_24_17 OR L1_SingleJet170	EXO				
		HLT_DoubleEle8_CaloIdM_TrackIdM_Mass8_PFHT250_v1		0	1	1	1	1	1	1	1	1	1	1		L1_DoubleEG6_HTT255 OR L1_HTT200 OR L1_HTT220 OR L1_HTT255 OR L1_HTT300		CMSHLT-762	L1_DoubleEG6_HTT255 OR L1_HTT160 OR L1_HTT200 OR L1_HTT220 OR L1_HTT240 OR L1_HTT255 OR L1_HTT270 OR L1_HTT280 OR L1_HTT300 OR L1_HTT320					
		HLT_DoubleEle8_CaloIdM_TrackIdM_Mass8_PFHT300_v4		1	1	1	1	1	1	1	1	1	1	1		L1_DoubleEG6_HTT255 OR L1_HTT200 OR L1_HTT220 OR L1_HTT255 OR L1_HTT300		CMSHLT-762	L1_DoubleEG6_HTT255 OR L1_HTT160 OR L1_HTT200 OR L1_HTT220 OR L1_HTT240 OR L1_HTT255 OR L1_HTT270 OR L1_HTT280 OR L1_HTT300 OR L1_HTT320					
		HLT_DoublePhoton60_v1		1	1	1	1	1	1	1	1	1	1	1		L1_SingleEG40 OR L1_SingleEG40 OR L1_SingleJet200		no	L1_SingleEG40 OR L1_SingleJet170	EXO				
		HLT_DoublePhoton85_v2		1	1	1	1	1	1	1	1	1	1	1		L1_SingleEG40 OR L1_SingleEG40 OR L1_SingleJet200		no	L1_SingleEG40 OR L1_SingleJet170	EXO				
		HLT_ECALHT800_v2		1	1	1	1	1	1	1	1	1	1	1		L1_HTT300 OR L1_ETM70		No	L1_HTT280 OR L1_HTT300 OR L1_HTT320 OR L1_ETM80 OR L1_ETM90 OR L1_ETM100	EXO				
		HLT_Ele10_CaloIdM_TrackIdM_CentralPFJet30_BTagCSV_p13_v1		5	2	1	1	1	1	1	1	1	1	1		L1_Jet32_MuOpen_EG10_dPhi_Jet_Mu_Max0p4_dPhi_Mu_EG_Min1p0		yes						
		HLT_Ele12_CaloIdL_TrackIdL_IsoVL_PFJet30_v3		1	1	1	150	150	150	200	150	100	65	30		L1_SingleEG10 OR L1_SingleEG15		yes		PS needed				
		HLT_Ele12_CaloIdL_TrackIdL_IsoVL_v3		1	1	1	125	125	125	175	125	50	25	1		L1_SingleEG10 OR L1_SingleEG15		yes		PS needed				
		HLT_Ele12_CaloIdM_TrackIdM_PFJet30_v3		1	1	1	300	300	300	400	300	200	130	60		L1_SingleEG10 OR L1_SingleEG15		yes		PS needed				
		HLT_Ele16_Ele12_Ele8_CaloIdL_TrackIdL_v3		1	1	1	1	1	1	1	1	1	1	1		L1_TripleEG_14_10_8		yes						
		HLT_Ele17_CaloIdL_TrackIdL_IsoVL_PFJet30_v1		1	1	1	11	11	11	15	11	8	5	3		L1_SingleEG15		yes		PS needed				
		HLT_Ele17_CaloIdL_TrackIdL_IsoVL_v2		1	1	1	11	11	11	15	11	8	5	3		L1_SingleEG15		yes						
		HLT_Ele17_CaloIdM_TrackIdM_PFJet30_v1		1	1	1	11	11	11	15	11	8	5	3		L1_SingleEG15		yes		PS needed				
		HLT_Ele17_Ele12_CaloIdL_TrackIdL_IsoVL_DZ_v3		0	1	1	1	1	1	1	1	1	1	1		L1_DoubleEG_15_10 OR L1_DoubleEG_18_17 OR L1_DoubleEG_20_18 OR L1_DoubleEG_23_10		CMSHLT-764	L1_SingleEG40 OR L1_SingleIsoEG24 OR L1_SingleIsoEG22er OR L1_DoubleEG_22_12 OR L1_DoubleEG_18_17 OR L1_DoubleEG_15_10	SUSY: shouldn't we also keep L1_DoubleEG_15_10 ???			<-- OK	
		HLT_Ele17_Ele12_CaloIdL_TrackIdL_IsoVL_v3		0	10	7	5	2	1	1	1	1	1	1		L1_DoubleEG_15_10 OR L1_DoubleEG_18_17 OR L1_DoubleEG_20_18 OR L1_DoubleEG_23_10		CMSHLT-764	L1_SingleEG40 OR L1_SingleIsoEG24 OR L1_SingleIsoEG22er OR L1_DoubleEG_22_12 OR L1_DoubleEG_18_17 OR L1_DoubleEG_15_10	SUSY: shouldn't we also keep L1_DoubleEG_15_10 ???			<-- OK	
		HLT_Ele23_CaloIdL_TrackIdL_IsoVL_PFJet30_v3		1	1	1600	1100	650	325	250	180	125	75	36		L1_SingleEG15		yes		PS needed				
		HLT_Ele23_CaloIdL_TrackIdL_IsoVL_v3		1	1	1000	700	400	200	140	100	70	40	20		L1_SingleEG24		CMSHLT-764	L1_SingleEG18 OR L1_SingleEG24 (+OR L1_SingleEG22 if it can exist)	PS needed				
		HLT_Ele23_CaloIdM_TrackIdM_PFJet30_v3		1	1	650	530	300	150	120	80	60	32	16		L1_SingleEG15		yes		PS needed				
		HLT_Ele23_Ele12_CaloIdL_TrackIdL_IsoVL_DZ_v3		1	1	1	1	1	1	1	1	1	1	1		L1_DoubleEG_22_10 OR L1_DoubleEG_24_17		CMSHLT-764	L1_SingleEG40 OR L1_SingleIsoEG24 OR L1_SingleIsoEG22er OR L1_DoubleEG_22_12 OR L1_DoubleEG_18_17					
		HLT_Ele23_Ele12_CaloIdL_TrackIdL_IsoVL_v3		10	5	3	2	1	1	1	1	1	1	1		L1_DoubleEG_22_10 OR L1_DoubleEG_24_17		CMSHLT-764	L1_SingleEG40 OR L1_SingleIsoEG24 OR L1_SingleIsoEG22er OR L1_DoubleEG_22_12 OR L1_DoubleEG_18_17					
		HLT_Ele27_HighEta_Ele20_Mass55_v1		1	1	1	1	1	1	1	1	1	1	1		L1_SingleEG40 OR L1_DoubleEG_22_10 OR L1_DoubleEG_24_17		no	L1_SingleEG40 OR L1_DoubleEG_22_10 OR L1_DoubleEG_24_17 OR L1_DoubleEG_22_12 OR L1_DoubleEG_18_17	ECAL				
		HLT_Ele30WP60_Ele8_Mass55_v2		1	1	1	1	1	1	1	1	1	1	1		L1_SingleEG26 OR L1_SingleIsoEG30er		CMSHLT-774	L1_SingleEG40 OR L1_SingleIsoEG24 OR L1_SingleIsoEG22er					
		HLT_Ele30WP60_SC4_Mass55_v3		2	2	1	1	1	1	1	1	1	1	1		L1_SingleEG26 OR L1_SingleIsoEG30er		CMSHLT-774	L1_SingleEG40 OR L1_SingleIsoEG24 OR L1_SingleIsoEG22er					
		HLT_Ele8_CaloIdL_TrackIdL_IsoVL_PFJet30_v1		1	1	1	1	1	1	8	8	8	8	8		L1_SingleEG10 OR L1_SingleEG5		yes		PS needed				
		HLT_Ele8_CaloIdM_TrackIdM_PFJet30_v3		1	1	1	1	1	1	8	8	8	8	8		L1_SingleEG10 OR L1_SingleEG5		yes		PS needed				
		HLT_Photon26_R9Id85_OR_CaloId24b40e_Iso50T80L_Photon16_AND_HE10_R9Id65_Eta2_Mass60_v2		300	150	100	75	42	21	15	10	7	4	2		L1_SingleEG40 OR L1_SingleEG40 OR L1_DoubleEG_22_10 OR L1_DoubleEG_24_17 OR L1_DoubleEG_15_10 OR L1_DoubleEG_18_17 OR L1_DoubleEG_20_18 OR L1_DoubleEG_23_10	...	yes		EXO				
		HLT_Photon36_R9Id85_OR_CaloId24b40e_Iso50T80L_Photon22_AND_HE10_R9Id65_Eta2_Mass15_v2		1	1	1	1	1	1	1	1	1	1	1		L1_SingleEG40 OR L1_SingleEG40 OR L1_DoubleEG_22_10 OR L1_DoubleEG_24_17 OR L1_DoubleEG_15_10 OR L1_DoubleEG_18_17 OR L1_DoubleEG_20_18 OR L1_DoubleEG_23_10	...	yes		EXO				
		HLT_Photon42_R9Id85_OR_CaloId24b40e_Iso50T80L_Photon25_AND_HE10_R9Id65_Eta2_Mass15_v2		1	1	1	1	1	1	1	1	1	1	1		L1_SingleEG40 OR L1_SingleEG40 OR L1_DoubleEG_22_10 OR L1_DoubleEG_24_17 OR L1_DoubleEG_15_10 OR L1_DoubleEG_18_17 OR L1_DoubleEG_20_18 OR L1_DoubleEG_23_10	...	yes		EXO				
	dataset FSQJets																							
		HLT_DiPFJet15_FBEta3_NoCaloMatched_v1		0	0	0	0	0	0	0	0	0	0	0		L1_AlwaysTrue								
		HLT_DiPFJet15_NoCaloMatched_v1		0	0	0	0	0	0	0	0	0	0	0		L1_SingleJet8_BptxAND								
		HLT_DiPFJet25_FBEta3_NoCaloMatched_v1		0	0	0	0	0	0	0	0	0	0	0		L1_AlwaysTrue								
		HLT_DiPFJet25_NoCaloMatched_v1		0	0	0	0	0	0	0	0	0	0	0		L1_SingleJet12_BptxAND								
		HLT_DiPFJetAve15_HFJEC_v1		0	0	0	0	0	0	0	0	0	0	0		L1_SingleJet8_BptxAND								
		HLT_DiPFJetAve25_HFJEC_v1		0	0	0	0	0	0	0	0	0	0	0		L1_SingleJet12_BptxAND								
		HLT_DiPFJetAve35_HFJEC_v1		0	0	0	0	0	0	0	0	0	0	0		L1_SingleJet16								
		HLT_PFJet15_NoCaloMatched_v3		0	0	0	0	0	0	0	0	0	0	0		L1_SingleJet8_BptxAND								
		HLT_PFJet25_NoCaloMatched_v1		0	0	0	0	0	0	0	0	0	0	0		L1_SingleJet12_BptxAND								
	dataset HLTPhysics																							
		HLT_Physics_v2		6400	6400	6400	6400	6400	6400	4500	3600	3200	3200	3200		(none)								
	dataset HcalHPDNoise																							
		HLT_GlobalRunHPDNoise_v3		3500	3500	3500	3500	3500	3500	3500	3500	3500	3500	3500		L1_SingleJetC20_NotBptxOR		Thiago is checking						
	dataset HcalNZS																							
		HLT_HcalNZS_v2		1	1	1	1	1	1	1	1	1	1	1		L1_SingleEG5 OR L1_SingleEG24 OR L1_SingleJet35 OR L1_SingleJet60 OR L1_SingleMuOpen OR L1_ZeroBias		yes		AlCa				
		HLT_HcalPhiSym_v2		1	1	1	1	1	1	1	1	1	1	1		L1_SingleEG5 OR L1_SingleEG24 OR L1_SingleMuOpen		yes		AlCa				
		HLT_HcalUTCA_v2		1	1	1	1	1	1	1	1	1	1	1		(none)		yes		AlCa				
	dataset L1MinimumBias																							
		HLT_L1MinimumBiasHF_AND_v1		0	0	0	0	0	0	0	0	0	0	0		L1_AlwaysTrue								
		HLT_L1MinimumBiasHF_OR_v1		0	0	0	0	0	0	0	0	0	0	0		L1_AlwaysTrue								
	dataset MonteCarlo																							
		MC_AK4CaloJets_v1		0	0	0	0	0	0	0	0	0	0	0		(none)								
		MC_AK4PFJets_v2		0	0	0	0	0	0	0	0	0	0	0		(none)								
		MC_AK8CaloHT_v1		0	0	0	0	0	0	0	0	0	0	0		(none)								
		MC_AK8PFHT_v2		0	0	0	0	0	0	0	0	0	0	0		(none)								
		MC_AK8PFJets_v2		0	0	0	0	0	0	0	0	0	0	0		(none)								
		MC_AK8TrimPFJets_v2		0	0	0	0	0	0	0	0	0	0	0		(none)								
		MC_CaloHT_v1		0	0	0	0	0	0	0	0	0	0	0		(none)								
		MC_CaloMET_JetIdCleaned_v1		0	0	0	0	0	0	0	0	0	0	0		(none)								
		MC_CaloMET_v1		0	0	0	0	0	0	0	0	0	0	0		(none)								
		MC_CaloMHT_v1		0	0	0	0	0	0	0	0	0	0	0		(none)								
		MC_Diphoton10_10_R9Id_OR_IsoCaloId_AND_HE_R9Id_Mass10_v1		0	0	0	0	0	0	0	0	0	0	0		L1_SingleEG5								
		MC_DoubleEle5_CaloIdL_GsfTrkIdVL_MW_v2		0	0	0	0	0	0	0	0	0	0	0		L1_SingleEG5								
		MC_DoubleGlbTrkMu_TrkIsoVVL_DZ_v1		0	0	0	0	0	0	0	0	0	0	0		L1_DoubleMu0								
		MC_DoubleMuNoFiltersNoVtx_v1		0	0	0	0	0	0	0	0	0	0	0		L1_DoubleMu0								
		MC_DoubleMu_TrkIsoVVL_DZ_v1		0	0	0	0	0	0	0	0	0	0	0		L1_DoubleMu0								
		MC_Ele15_Ele10_CaloIdL_TrackIdL_IsoVL_DZ_v2		0	0	0	0	0	0	0	0	0	0	0		L1_DoubleEG_15_10 OR L1_DoubleEG_18_17 OR L1_DoubleEG_20_18 OR L1_DoubleEG_23_10								
		MC_Ele5_WPLoose_Gsf_v2		0	0	0	0	0	0	0	0	0	0	0		L1_SingleEG5								
		MC_IsoMu_v4		0	0	0	0	0	0	0	0	0	0	0		L1_SingleMu5 OR L1_SingleMu7								
		MC_IsoTkMu15_v3		0	0	0	0	0	0	0	0	0	0	0		L1_SingleMu5 OR L1_SingleMu7								
		MC_PFHT_v2		0	0	0	0	0	0	0	0	0	0	0		(none)								
		MC_PFMET_v2		0	0	0	0	0	0	0	0	0	0	0		(none)								
		MC_PFMHT_v2		0	0	0	0	0	0	0	0	0	0	0		(none)								
		MC_ReducedIterativeTracking_v1		0	0	0	0	0	0	0	0	0	0	0		(none)								
	dataset NoBPTX																							
		HLT_JetE30_NoBPTX3BX_NoHalo_v2		1	1	1	1	1	1	1	1	1	1	1		L1_SingleJetC20_NotBptxOR_3BX		yes		EXO				
		HLT_JetE30_NoBPTX_v2		160	60	42	30	17	8	6	4	3	1	1		L1_SingleJetC20_NotBptxOR		yes		EXO				
		HLT_JetE50_NoBPTX3BX_NoHalo_v2		1	1	1	1	1	1	1	1	1	1	1		L1_SingleJetC32_NotBptxOR_3BX OR L1_SingleJetC36_NotBptxOR_3BX		yes		EXO				
		HLT_JetE70_NoBPTX3BX_NoHalo_v2		1	1	1	1	1	1	1	1	1	1	1		L1_SingleJetC32_NotBptxOR_3BX OR L1_SingleJetC36_NotBptxOR_3BX		yes		EXO				
		HLT_L2Mu10_NoVertex_NoBPTX3BX_NoHalo_v2		100	100	70	50	30	15	10	7	5	2	1		L1_SingleMuOpen_NotBptxOR_3BX		yes		EXO				
		HLT_L2Mu10_NoVertex_NoBPTX_v2		100	100	70	50	30	15	10	7	5	2	1		L1_SingleMuOpen_NotBptxOR		yes		EXO				
		HLT_L2Mu35_NoVertex_3Sta_NoBPTX3BX_NoHalo_v2		1	1	1	1	1	1	1	1	1	1	1		L1_SingleMuOpen_NotBptxOR_3BX		yes		EXO				
		HLT_L2Mu40_NoVertex_3Sta_NoBPTX3BX_NoHalo_v2		1	1	1	1	1	1	1	1	1	1	1		L1_SingleMuOpen_NotBptxOR_3BX		yes		EXO				
	dataset SingleElectron																							
		HLT_Ele105_CaloIdVT_GsfTrkIdT_v3		1	1	1	1	1	1	1	1	1	1	1		L1_SingleEG40 OR L1_SingleEG40 OR L1_SingleJet200		no	L1_SingleEG40 OR L1_SingleJet170	EXO				
		HLT_Ele115_CaloIdVT_GsfTrkIdT_v2		1	1	1	1	1	1	1	1	1	1	1		L1_SingleEG40 OR L1_SingleEG40 OR L1_SingleJet200		no	L1_SingleEG40 OR L1_SingleJet170	EXO				
		HLT_Ele15_IsoVVVL_BTagCSV_p067_PFHT400_v1		10	5	3	2	1	1	1	1	1	1	1		(L1_HTT200 OR L1_HTT220 OR L1_HTT255 OR L1_HTT300) AND (L1_SingleEG5)		CMSHLT-762	(L1_HTT200 OR L1_HTT220 OR L1_HTT240 OR L1_HTT255 OR L1_HTT270 OR L1_HTT280 OR L1_HTT300 OR L1_HTT320) AND (L1_SingleEG5)					
		HLT_Ele15_IsoVVVL_PFHT350_PFMET50_v2		1	1	1	1	1	1	1	1	1	1	1		(L1_HTT200 OR L1_HTT220 OR L1_HTT255 OR L1_HTT300) AND (L1_SingleEG5)		CMSHLT-762	(L1_HTT200 OR L1_HTT220 OR L1_HTT240 OR L1_HTT255 OR L1_HTT270 OR L1_HTT280 OR L1_HTT300 OR L1_HTT320) AND (L1_SingleEG5)					
		HLT_Ele15_IsoVVVL_PFHT350_v2		10	1	1	1	1	1	1	1	1	1	1		(L1_HTT200 OR L1_HTT220 OR L1_HTT255 OR L1_HTT300) AND (L1_SingleEG5)		CMSHLT-762	(L1_HTT200 OR L1_HTT220 OR L1_HTT240 OR L1_HTT255 OR L1_HTT270 OR L1_HTT280 OR L1_HTT300 OR L1_HTT320) AND (L1_SingleEG5)					
		HLT_Ele15_IsoVVVL_PFHT600_v3		1	1	1	1	1	1	1	1	1	1	1		(L1_HTT200 OR L1_HTT220 OR L1_HTT255 OR L1_HTT300) AND (L1_SingleEG5)		CMSHLT-762	(L1_HTT200 OR L1_HTT220 OR L1_HTT240 OR L1_HTT255 OR L1_HTT270 OR L1_HTT280 OR L1_HTT300 OR L1_HTT320) AND (L1_SingleEG5)					
		HLT_Ele22_eta2p1_WPLoose_Gsf_LooseIsoPFTau20_SingleL1_v2		1	1	1	1	1	1	1	1	1	1	1		L1_SingleIsoEG20er OR L1_SingleIsoEG22er OR L1_SingleEG26		no - JIRA soon						
		HLT_Ele22_eta2p1_WPLoose_Gsf_LooseIsoPFTau20_v3		1	1	1	1	1	1	1	1	1	1	1		L1_IsoEG22er_Tau20er_dEta_Min0p2		no - JIRA soon						
		HLT_Ele22_eta2p1_WPLoose_Gsf_v3		1	1	1	1	1	1	1	1	1	1	1		L1_SingleIsoEG20er OR L1_SingleIsoEG22er OR L1_SingleEG26								
		HLT_Ele22_eta2p1_WPTight_Gsf_v3		1	1	1	1	1	1	1	1	1	1	1		L1_SingleIsoEG20er OR L1_SingleIsoEG22er OR L1_SingleEG26								
		HLT_Ele23_WPLoose_Gsf_CentralPFJet30_BTagCSV_p063_v1		1	1	1	1	1	1	1	1	1	1	1		L1_SingleEG24 OR L1_SingleIsoEG18er OR L1_SingleIsoEG20 OR L1_SingleIsoEG20er OR L1_SingleIsoEG22er OR L1_SingleEG26		CMSHLT-769	To be removed					
		HLT_Ele23_WPLoose_Gsf_TriCentralPFJet50_40_30_v2		1	1	1	1	1	1	1	1	1	1	1		L1_SingleEG24 OR L1_SingleIsoEG18er OR L1_SingleIsoEG20 OR L1_SingleIsoEG20er OR L1_SingleIsoEG22er OR L1_SingleEG26		CMSHLT-769	To be removed					
		HLT_Ele23_WPLoose_Gsf_WHbbBoost_v2		1	1	1	1	1	1	1	1	1	1	1		L1_SingleEG24 OR L1_SingleIsoEG18er OR L1_SingleIsoEG20 OR L1_SingleIsoEG20er OR L1_SingleIsoEG22er OR L1_SingleEG26		CMSHLT-764	L1_SingleIsoEG22er OR L1_SingleIsoEG24 OR L1_SingleEG40					
		HLT_Ele23_WPLoose_Gsf_v3		0	1	1	1	1	1	1	1	1	1	1		L1_SingleEG24 OR L1_SingleIsoEG18er OR L1_SingleIsoEG20 OR L1_SingleIsoEG20er OR L1_SingleIsoEG22er OR L1_SingleEG26		CMSHLT-764	L1_SingleIsoEG22er OR L1_SingleIsoEG24 OR L1_SingleEG40					
		HLT_Ele27_WPLoose_Gsf_CentralPFJet30_BTagCSV_p063_v1		0	1	1	1	1	1	1	1	1	1	1		L1_SingleIsoEG20er OR L1_SingleEG24 OR L1_SingleEG26		CMSHLT-769	To be removed					
		HLT_Ele27_WPLoose_Gsf_TriCentralPFJet50_40_30_v1		0	1	1	1	1	1	1	1	1	1	1		L1_SingleIsoEG20er OR L1_SingleEG24 OR L1_SingleEG26		CMSHLT-769	To be removed					
		HLT_Ele27_WPLoose_Gsf_WHbbBoost_v2		1	1	1	1	1	1	1	1	1	1	1		L1_SingleIsoEG20er OR L1_SingleEG24 OR L1_SingleEG26		CMSHLT-764	L1_SingleIsoEG22er OR L1_SingleIsoEG24 OR L1_SingleEG40					
		HLT_Ele27_WPLoose_Gsf_v1		1	1	1	1	1	1	1	1	1	1	1		L1_SingleIsoEG20er OR L1_SingleEG24 OR L1_SingleEG26		CMSHLT-764	L1_SingleIsoEG22er OR L1_SingleIsoEG24 OR L1_SingleEG40					
		HLT_Ele27_eta2p1_WPLoose_Gsf_DoubleMediumIsoPFTau35_Trk1_eta2p1_Reg_v2		1	1	1	1	1	1	1	1	1	1	1		L1_SingleIsoEG22er OR L1_SingleEG26		no - JIRA soon						
		HLT_Ele27_eta2p1_WPLoose_Gsf_DoubleMediumIsoPFTau40_Trk1_eta2p1_Reg_v3		0	1	1	1	1	1	1	1	1	1	1		L1_SingleIsoEG22er OR L1_SingleEG26		no - JIRA soon						
		HLT_Ele27_eta2p1_WPLoose_Gsf_HT200_v2		1	1	1	1	1	1	1	1	1	1	1		L1_EG27er_HTT200 OR L1_HTT220 OR L1_HTT200		CMSHLT-764	L1_EG27er_HTT200 OR L1_HTT280 OR L1_HTT300					
		HLT_Ele27_eta2p1_WPLoose_Gsf_LooseIsoPFTau20_v3		0	1	1	1	1	1	1	1	1	1	1		L1_SingleIsoEG22er OR L1_SingleEG26		no - JIRA soon						
		HLT_Ele27_eta2p1_WPLoose_Gsf_v2		1	1	1	1	1	1	1	1	1	1	1		L1_SingleIsoEG22er OR L1_SingleEG26		CMSHLT-764	L1_SingleIsoEG22er OR L1_SingleIsoEG24 OR L1_SingleEG40					
		HLT_Ele27_eta2p1_WPTight_Gsf_v2		1	1	1	1	1	1	1	1	1	1	1		L1_SingleIsoEG22er OR L1_SingleEG26		CMSHLT-764	L1_SingleIsoEG22er OR L1_SingleIsoEG24 OR L1_SingleEG40					
		HLT_Ele32_eta2p1_WPTight_Gsf_v2		1	1	1	1	1	1	1	1	1	1	1		L1_SingleIsoEG30er OR L1_SingleEG40		CMSHLT-764	L1_SingleIsoEG22er OR L1_SingleIsoEG24 OR L1_SingleEG40					
		HLT_Ele35_CaloIdVT_GsfTrkIdT_PFJet150_PFJet50_v1		1	1	1	1	1	1	1	1	1	1	1		L1_SingleEG26		yes						
		HLT_Ele45_CaloIdVT_GsfTrkIdT_PFJet200_PFJet50_v3		1	1	1	1	1	1	1	1	1	1	1		L1_SingleEG40		yes						
	dataset SinglePhoton																							
		HLT_Photon120_R9Id90_HE10_Iso40_EBOnly_PFMET40_v3		1	1	1	1	1	1	1	1	1	1	1		L1_SingleEG40		yes						
		HLT_Photon120_R9Id90_HE10_Iso40_EBOnly_VBF_v2		1	1	1	1	1	1	1	1	1	1	1		L1_SingleEG40		yes						
		HLT_Photon120_R9Id90_HE10_IsoM_v3		4	2	2	1	1	1	1	1	1	1	1		L1_SingleEG26 OR L1_SingleEG40		CMSHLT-762	L1_SingleEG34 OR L1_SingleEG40					
		HLT_Photon120_v3		150	75	50	30	15	10	5	4	3	2	1		L1_SingleEG26 OR L1_SingleEG40		CMSHLT-762	L1_SingleEG34 OR L1_SingleEG40					
		HLT_Photon135_PFMET100_v1		1	1	1	1	1	1	1	1	1	1	1		L1_SingleEG40 OR L1_SingleJet200		no	L1_SingleEG40 OR L1_SingleJet170	EXO				
		HLT_Photon165_HE10_v3		1	1	1	1	1	1	1	1	1	1	1		L1_SingleEG26 OR L1_SingleEG40 OR L1_SingleJet200		CMSHLT-762	L1_SingleEG34 OR L1_SingleEG40 OR L1_SingleJet200					
		HLT_Photon165_R9Id90_HE10_IsoM_v3		1	1	1	1	1	1	1	1	1	1	1		L1_SingleEG26 OR L1_SingleEG40 OR L1_SingleJet200		CMSHLT-762	L1_SingleEG34 OR L1_SingleEG40 OR L1_SingleJet200					
		HLT_Photon175_v3		1	1	1	1	1	1	1	1	1	1	1		L1_SingleEG26 OR L1_SingleEG40 OR L1_SingleJet200		CMSHLT-762	L1_SingleEG34 OR L1_SingleEG40 OR L1_SingleJet200					
		HLT_Photon22_R9Id90_HE10_Iso40_EBOnly_PFMET40_v3		9	9	90	60	36	18	12	9	6	3	2		L1_SingleEG24		yes						
		HLT_Photon22_R9Id90_HE10_Iso40_EBOnly_VBF_v2		3	3	30	20	12	6	4	3	2	1	1		L1_SingleEG24		yes						
		HLT_Photon22_R9Id90_HE10_IsoM_v2		4	1	2000	1200	800	400	300	200	100	80	40		L1_SingleEG24		CMSHLT-774	L1_SingleEG18	check PS				
		HLT_Photon22_v2		36	9	10000	8000	5000	2400	1800	1200	1000	500	260		L1_SingleEG24		CMSHLT-774	L1_SingleEG18	check PS				
		HLT_Photon250_NoHE_v2		1	1	1	1	1	1	1	1	1	1	1		L1_SingleEG40 OR L1_SingleJet200		no	L1_SingleEG40 OR L1_SingleJet170	EXO				
		HLT_Photon300_NoHE_v2		1	1	1	1	1	1	1	1	1	1	1		L1_SingleEG40 OR L1_SingleJet200		no	L1_SingleEG40 OR L1_SingleJet170	EXO				
		HLT_Photon30_R9Id90_HE10_IsoM_v3		2	1200	960	600	400	200	150	100	50	40	20		L1_SingleEG26		yes						
		HLT_Photon30_v3		36	7200	6000	4000	2500	1200	900	600	500	250	130		L1_SingleEG26		yes						
		HLT_Photon36_R9Id90_HE10_Iso40_EBOnly_PFMET40_v3		1	1	1	1	1	1	1	1	1	1	1		L1_SingleEG30		yes						
		HLT_Photon36_R9Id90_HE10_Iso40_EBOnly_VBF_v2		1	1	1	1	1	1	1	1	1	1	1		L1_SingleEG30		yes						
		HLT_Photon36_R9Id90_HE10_IsoM_v3		1	600	480	300	200	100	75	50	25	20	10		L1_SingleEG26		yes						
		HLT_Photon36_v3		24	3600	3000	2000	1250	600	450	300	250	125	65		L1_SingleEG26		yes						
		HLT_Photon500_v1		1	1	1	1	1	1	1	1	1	1	1		L1_SingleEG40		no	L1_SingleEG40 OR L1_SingleJet170	EXO				
		HLT_Photon50_R9Id90_HE10_Iso40_EBOnly_PFMET40_v3		1	1	1	1	1	1	1	1	1	1	1		L1_SingleEG40		yes						
		HLT_Photon50_R9Id90_HE10_Iso40_EBOnly_VBF_v2		1	1	1	1	1	1	1	1	1	1	1		L1_SingleEG40		yes						
		HLT_Photon50_R9Id90_HE10_IsoM_v3		120	60	48	30	20	10	6	4	3	2	2		L1_SingleEG26 OR L1_SingleEG40		CMSHLT-762	L1_SingleEG34 OR L1_SingleEG40					
		HLT_Photon50_v3		3600	1800	1000	900	360	200	160	96	72	40	20		L1_SingleEG26 OR L1_SingleEG40		CMSHLT-762	L1_SingleEG34 OR L1_SingleEG40					
		HLT_Photon600_v1		1	1	1	1	1	1	1	1	1	1	1		L1_SingleEG40		no	L1_SingleEG40 OR L1_SingleJet170	EXO				
		HLT_Photon75_R9Id90_HE10_Iso40_EBOnly_PFMET40_v3		1	1	1	1	1	1	1	1	1	1	1		L1_SingleEG40		yes						
		HLT_Photon75_R9Id90_HE10_Iso40_EBOnly_VBF_v2		3	1	1	1	1	1	1	1	1	1	1		L1_SingleEG40		yes						
		HLT_Photon75_R9Id90_HE10_IsoM_v3		24	12	12	6	4	2	2	1	1	1	1		L1_SingleEG26 OR L1_SingleEG40		CMSHLT-762	L1_SingleEG34 OR L1_SingleEG40					
		HLT_Photon75_v3		1200	600	500	300	180	100	80	48	36	20	10		L1_SingleEG26 OR L1_SingleEG40		CMSHLT-762	L1_SingleEG34 OR L1_SingleEG40					
		HLT_Photon90_CaloIdL_PFHT500_v3		1	1	1	1	1	1	1	1	1	1	1		L1_SingleEG40		CMSHLT-762	L1_SingleEG34 OR L1_SingleEG40					
		HLT_Photon90_CaloIdL_PFHT600_v2		1	1	1	1	1	1	1	1	1	1	1		L1_SingleEG40		CMSHLT-762	L1_SingleEG34 OR L1_SingleEG40					
		HLT_Photon90_R9Id90_HE10_Iso40_EBOnly_PFMET40_v3		3	1	1	1	1	1	1	1	1	1	1		L1_SingleEG40		yes						
		HLT_Photon90_R9Id90_HE10_Iso40_EBOnly_VBF_v2		2	1	1	1	1	1	1	1	1	1	1		L1_SingleEG40		yes						
		HLT_Photon90_R9Id90_HE10_IsoM_v3		12	6	4	3	2	1	1	1	1	1	1		L1_SingleEG26 OR L1_SingleEG40		CMSHLT-762	L1_SingleEG34 OR L1_SingleEG40					
		HLT_Photon90_v3		600	300	250	150	90	50	40	24	18	10	5		L1_SingleEG26 OR L1_SingleEG40		CMSHLT-762	L1_SingleEG34 OR L1_SingleEG40					
	dataset ZeroBias																							
		HLT_Random_v1		120	120	120	120	120	120	120	120	120	120	120		(none)								
		HLT_ZeroBias_IsolatedBunches_v1		50	50	50	50	50	50	50	50	50	50	50		L1_AlwaysTrue								
		HLT_ZeroBias_v2		200	200	200	200	200	200	200	200	200	200	200		L1_ZeroBias								
stream PhysicsEndOfFill																								
	dataset HINCaloJets																							
		HLT_AK4CaloJet100_v2		0	0	0	0	0	0	0	0	0	0	0		L1_SingleJet35								
		HLT_AK4CaloJet30_v3		0	0	0	0	0	0	0	0	0	0	0		L1_ZeroBias								
		HLT_AK4CaloJet40_v2		0	0	0	0	0	0	0	0	0	0	0		L1_ZeroBias								
		HLT_AK4CaloJet50_v2		0	0	0	0	0	0	0	0	0	0	0		L1_ZeroBias								
		HLT_AK4CaloJet80_v2		0	0	0	0	0	0	0	0	0	0	0		L1_SingleJet35								
	dataset HINPFJets																							
		HLT_AK4PFJet100_v3		0	0	0	0	0	0	0	0	0	0	0		L1_SingleJet35								
		HLT_AK4PFJet30_v3		0	0	0	0	0	0	0	0	0	0	0		L1_ZeroBias								
		HLT_AK4PFJet50_v3		0	0	0	0	0	0	0	0	0	0	0		L1_ZeroBias								
		HLT_AK4PFJet80_v3		0	0	0	0	0	0	0	0	0	0	0		L1_SingleJet35								
	dataset HINPhoton																							
		HLT_HISinglePhoton10_v2		0	0	0	0	0	0	0	0	0	0	0		L1_SingleEG2_BptxAND								
		HLT_HISinglePhoton15_v2		0	0	0	0	0	0	0	0	0	0	0		L1_SingleEG2_BptxAND								
		HLT_HISinglePhoton20_v2		0	0	0	0	0	0	0	0	0	0	0		L1_SingleEG2_BptxAND								
		HLT_HISinglePhoton40_v2		0	0	0	0	0	0	0	0	0	0	0		L1_SingleEG5								
		HLT_HISinglePhoton60_v2		0	0	0	0	0	0	0	0	0	0	0		L1_SingleEG5								
	dataset HighMultiplicity85EOF																							
		HLT_PixelTracks_Multiplicity85ForEndOfFill_v1		0	0	0	0	0	0	0	0	0	0	0		L1_ETT15_BptxAND								
	dataset HighMultiplicityEOF																							
		HLT_PixelTracks_Multiplicity110ForEndOfFill_v1		0	0	0	0	0	0	0	0	0	0	0		L1_ETT40								
		HLT_PixelTracks_Multiplicity135ForEndOfFill_v1		0	0	0	0	0	0	0	0	0	0	0		L1_ETT40								
		HLT_PixelTracks_Multiplicity160ForEndOfFill_v1		0	0	0	0	0	0	0	0	0	0	0		L1_ETT60								
		HLT_PixelTracks_Multiplicity60ForEndOfFill_v1		0	0	0	0	0	0	0	0	0	0	0		L1_ETT15_BptxAND								
stream PhysicsHadronsTaus																								
	dataset BTagCSV																							
		HLT_DoubleJet90_Double30_DoubleBTagCSV_p087_v1		50	25	18	12	7	3	2	1	1	1	1		L1_TripleJet_92_76_64_VBF OR L1_DoubleJetC100 OR L1_TripleJet_84_68_48_VBF OR L1_DoubleJetC80 OR L1_HTT200 OR L1_HTT220 OR L1_HTT255 OR L1_HTT300		CMSHLT-764	L1_TripleJet_88_72_56_VBF OR L1_TripleJet_84_68_48_VBF OR L1_TripleJet_92_76_64_VBF OR L1_HTT280 OR L1_HTT300 OR L1_HTT320 OR L1_SingleJet170 OR L1_SingleJet180 OR L1_SingleJet200 OR L1_DoubleJetC100 OR L1_DoubleJetC112 OR L1_DoubleJetC120					
		HLT_DoubleJet90_Double30_TripleBTagCSV_p087_v1		1	1	1	1	1	1	1	1	1	1	1		L1_TripleJet_92_76_64_VBF OR L1_DoubleJetC100 OR L1_TripleJet_84_68_48_VBF OR L1_DoubleJetC80 OR L1_HTT200 OR L1_HTT220 OR L1_HTT255 OR L1_HTT300		CMSHLT-764	L1_TripleJet_88_72_56_VBF OR L1_TripleJet_84_68_48_VBF OR L1_TripleJet_92_76_64_VBF OR L1_HTT280 OR L1_HTT300 OR L1_HTT320 OR L1_SingleJet170 OR L1_SingleJet180 OR L1_SingleJet200 OR L1_DoubleJetC100 OR L1_DoubleJetC112 OR L1_DoubleJetC120					
		HLT_DoubleJetsC100_DoubleBTagCSV_p014_DoublePFJetsC100MaxDeta1p6_v1		1	1	1	1	1	1	1	1	1	1	1		L1_DoubleJetC100		yes						
		HLT_DoubleJetsC100_DoubleBTagCSV_p026_DoublePFJetsC160_v1		1	1	1	1	1	1	1	1	1	1	1		L1_DoubleJetC100		yes						
		HLT_DoubleJetsC100_SingleBTagCSV_p014_SinglePFJetC350_v1		1	1	1	1	1	1	1	1	1	1	1		L1_DoubleJetC100		yes						
		HLT_DoubleJetsC100_SingleBTagCSV_p014_v1		50	25	18	12	7	3	2	1	1	1	1		L1_DoubleJetC100		yes						
		HLT_DoubleJetsC100_SingleBTagCSV_p026_SinglePFJetC350_v1		1	1	1	1	1	1	1	1	1	1	1		L1_DoubleJetC100		yes						
		HLT_DoubleJetsC100_SingleBTagCSV_p026_v1		50	25	18	12	7	3	2	1	1	1	1		L1_DoubleJetC100		yes						
		HLT_DoubleJetsC112_DoubleBTagCSV_p014_DoublePFJetsC112MaxDeta1p6_v1		1	1	1	1	1	1	1	1	1	1	1		L1_DoubleJetC112		yes						
		HLT_DoubleJetsC112_DoubleBTagCSV_p026_DoublePFJetsC172_v1		1	1	1	1	1	1	1	1	1	1	1		L1_DoubleJetC112		yes						
		HLT_QuadJet45_DoubleBTagCSV_p087_v1		50	25	18	12	7	3	2	1	1	1	1		L1_HTT300 OR L1_QuadJetC60 OR L1_HTT200 OR L1_HTT220 OR L1_HTT255 OR L1_QuadJetC40		CMSHLT-764	L1_QuadJetC50 OR L1_QuadJetC60 OR L1_HTT280 OR L1_HTT300 OR L1_HTT320 OR L1_TripleJet_84_68_48_VBF OR L1_TripleJet_88_72_56_VBF OR L1_TripleJet_92_76_64_VBF					
		HLT_QuadJet45_TripleBTagCSV_p087_v1		1	1	1	1	1	1	1	1	1	1	1		L1_HTT300 OR L1_QuadJetC60 OR L1_HTT200 OR L1_HTT220 OR L1_HTT255 OR L1_QuadJetC40		CMSHLT-764	L1_QuadJetC50 OR L1_QuadJetC60 OR L1_HTT280 OR L1_HTT300 OR L1_HTT320 OR L1_TripleJet_84_68_48_VBF OR L1_TripleJet_88_72_56_VBF OR L1_TripleJet_92_76_64_VBF					
		HLT_QuadPFJet_BTagCSV_p016_VBF_Mqq460_v1		0	1	1	1	1	1	1	1	1	1	1		L1_TripleJet_92_76_64_VBF OR L1_TripleJet_84_68_48_VBF OR L1_HTT200 OR L1_HTT220 OR L1_HTT255 OR L1_HTT300 OR L1_SingleJet120 OR L1_DoubleJetC80		CMSHLT-764	L1_TripleJet_88_72_56_VBF OR L1_TripleJet_84_68_48_VBF OR L1_TripleJet_92_76_64_VBF OR L1_HTT280 OR L1_HTT300 OR L1_HTT320 OR L1_SingleJet170 OR L1_SingleJet180 OR L1_SingleJet200 OR L1_DoubleJetC100 OR L1_DoubleJetC112 OR L1_DoubleJetC120					
		HLT_QuadPFJet_BTagCSV_p016_VBF_Mqq500_v1		1	1	1	1	1	1	1	1	1	1	1		L1_TripleJet_92_76_64_VBF OR L1_TripleJet_84_68_48_VBF OR L1_HTT200 OR L1_HTT220 OR L1_HTT255 OR L1_HTT300 OR L1_SingleJet120 OR L1_DoubleJetC80		CMSHLT-764	L1_TripleJet_88_72_56_VBF OR L1_TripleJet_84_68_48_VBF OR L1_TripleJet_92_76_64_VBF OR L1_HTT280 OR L1_HTT300 OR L1_HTT320 OR L1_SingleJet170 OR L1_SingleJet180 OR L1_SingleJet200 OR L1_DoubleJetC100 OR L1_DoubleJetC112 OR L1_DoubleJetC120					
		HLT_QuadPFJet_BTagCSV_p016_p11_VBF_Mqq200_v1		0	1	1	1	1	1	1	1	1	1	1		L1_TripleJet_92_76_64_VBF OR L1_TripleJet_84_68_48_VBF OR L1_HTT200 OR L1_HTT220 OR L1_HTT255 OR L1_HTT300 OR L1_SingleJet120 OR L1_DoubleJetC80		CMSHLT-764	L1_TripleJet_88_72_56_VBF OR L1_TripleJet_84_68_48_VBF OR L1_TripleJet_92_76_64_VBF OR L1_HTT280 OR L1_HTT300 OR L1_HTT320 OR L1_SingleJet170 OR L1_SingleJet180 OR L1_SingleJet200 OR L1_DoubleJetC100 OR L1_DoubleJetC112 OR L1_DoubleJetC120					
		HLT_QuadPFJet_BTagCSV_p016_p11_VBF_Mqq240_v1		1	1	1	1	1	1	1	1	1	1	1		L1_TripleJet_92_76_64_VBF OR L1_TripleJet_84_68_48_VBF OR L1_HTT200 OR L1_HTT220 OR L1_HTT255 OR L1_HTT300 OR L1_SingleJet120 OR L1_DoubleJetC80		CMSHLT-764	L1_TripleJet_88_72_56_VBF OR L1_TripleJet_84_68_48_VBF OR L1_TripleJet_92_76_64_VBF OR L1_HTT280 OR L1_HTT300 OR L1_HTT320 OR L1_SingleJet170 OR L1_SingleJet180 OR L1_SingleJet200 OR L1_DoubleJetC100 OR L1_DoubleJetC112 OR L1_DoubleJetC120					
		HLT_Rsq0p02_MR300_TriPFJet80_60_40_BTagCSV_p063_p20_Mbb60_200_v1		1	1	1	1	1	1	1	1	1	1	1		L1_HTT160 OR L1_HTT200 OR L1_HTT220 OR L1_HTT240 OR L1_HTT255 OR L1_HTT270 OR L1_HTT280 OR L1_HTT300 OR L1_SingleJet120 OR L1_SingleJet140 OR L1_SingleJet150 OR L1_SingleJet160 OR L1_SingleJet170 OR L1_SingleJet180 OR L1_SingleJet200 OR L1_DoubleJetC80 OR L1_DoubleJetC100 OR L1_QuadJetC40 OR L1_QuadJetC50 OR L1_QuadJetC60 OR L1_Mu6_HTT200 OR L1_Mu8_HTT150 OR L1_EG27er_HTT200 OR L1_EG25er_HTT125 OR L1_DoubleEG6_HTT255	...	yes						
		HLT_Rsq0p02_MR300_TriPFJet80_60_40_DoubleBTagCSV_p063_Mbb60_200_v1		1	1	1	1	1	1	1	1	1	1	1		L1_HTT160 OR L1_HTT200 OR L1_HTT220 OR L1_HTT240 OR L1_HTT255 OR L1_HTT270 OR L1_HTT280 OR L1_HTT300 OR L1_SingleJet120 OR L1_SingleJet140 OR L1_SingleJet150 OR L1_SingleJet160 OR L1_SingleJet170 OR L1_SingleJet180 OR L1_SingleJet200 OR L1_DoubleJetC80 OR L1_DoubleJetC100 OR L1_QuadJetC40 OR L1_QuadJetC50 OR L1_QuadJetC60 OR L1_Mu6_HTT200 OR L1_Mu8_HTT150 OR L1_EG27er_HTT200 OR L1_EG25er_HTT125 OR L1_DoubleEG6_HTT255	...	yes						
	dataset BTagMu																							
		HLT_BTagMu_DiJet110_Mu5_v2		1	1	1	1	1	1	1	1	1	1	1		L1_Mu3_JetC60_dEta_Max0p4_dPhi_Max0p4								
		HLT_BTagMu_DiJet20_Mu5_v2		2	2	2	1	1	1	1	1	1	1	1		L1_Mu3_JetC16_dEta_Max0p4_dPhi_Max0p4								
		HLT_BTagMu_DiJet40_Mu5_v2		1	1	1	1	1	1	1	1	1	1	1		L1_Mu3_JetC16_dEta_Max0p4_dPhi_Max0p4								
		HLT_BTagMu_DiJet70_Mu5_v2		4	4	3	3	1	1	1	1	1	1	1		L1_Mu3_JetC60_dEta_Max0p4_dPhi_Max0p4								
		HLT_BTagMu_Jet300_Mu5_v2		1	1	1	1	1	1	1	1	1	1	1		L1_SingleJet200								
	dataset DisplacedJet																							
		HLT_HT200_DisplacedDijet40_DisplacedTrack_v1		20	20	20	20	20	20	20	20	20	20	20		L1_HTT160 OR L1_HTT200 OR L1_HTT220 OR L1_HTT255 OR L1_HTT300 OR L1_HTT320		No	L1_HTT160 OR L1_HTT200 OR L1_HTT220 OR L1_HTT240 OR L1_HTT255 OR L1_HTT270 OR L1_HTT280 OR L1_HTT300 OR L1_HTT320	EXO				
		HLT_HT200_v1		20000	10000	7100	5000	2800	1400	1000	710	500	280	150		L1_HTT220 OR L1_HTT255 OR L1_HTT280 OR L1_HTT300		No	L1_HTT160 OR L1_HTT200 OR L1_HTT220 OR L1_HTT240 OR L1_HTT255 OR L1_HTT270 OR L1_HTT280 OR L1_HTT300 OR L1_HTT320	EXO				
		HLT_HT250_DisplacedDijet40_DisplacedTrack_v2		1	1	1	1	1	1	1	1	1	1	1		L1_HTT160 OR L1_HTT200 OR L1_HTT220 OR L1_HTT255 OR L1_HTT300 OR L1_HTT320		No	L1_HTT160 OR L1_HTT200 OR L1_HTT220 OR L1_HTT240 OR L1_HTT255 OR L1_HTT270 OR L1_HTT280 OR L1_HTT300 OR L1_HTT320	EXO				
		HLT_HT275_v1		8000	4000	2800	2000	1100	570	400	280	200	110	60		L1_HTT220 OR L1_HTT255 OR L1_HTT280 OR L1_HTT300		No	L1_HTT160 OR L1_HTT200 OR L1_HTT220 OR L1_HTT240 OR L1_HTT255 OR L1_HTT270 OR L1_HTT280 OR L1_HTT300 OR L1_HTT320	EXO				
		HLT_HT325_v1		4000	2000	1400	1000	570	280	200	140	100	60	30		L1_HTT220 OR L1_HTT255 OR L1_HTT280 OR L1_HTT300		No	L1_HTT160 OR L1_HTT200 OR L1_HTT220 OR L1_HTT240 OR L1_HTT255 OR L1_HTT270 OR L1_HTT280 OR L1_HTT300 OR L1_HTT320	EXO				
		HLT_HT350_DisplacedDijet40_DisplacedTrack_v2		1	1	1	1	1	1	1	1	1	1	1		L1_HTT220 OR L1_HTT255 OR L1_HTT300 OR L1_HTT320		No	L1_HTT160 OR L1_HTT200 OR L1_HTT220 OR L1_HTT240 OR L1_HTT255 OR L1_HTT270 OR L1_HTT280 OR L1_HTT300 OR L1_HTT320	EXO				
		HLT_HT350_DisplacedDijet40_Inclusive_v1		45	45	45	45	45	45	45	45	45	45	45		L1_HTT160 OR L1_HTT200 OR L1_HTT220 OR L1_HTT255 OR L1_HTT300 OR L1_HTT320		No	L1_HTT160 OR L1_HTT200 OR L1_HTT220 OR L1_HTT240 OR L1_HTT255 OR L1_HTT270 OR L1_HTT280 OR L1_HTT300 OR L1_HTT320	EXO				
		HLT_HT350_DisplacedDijet80_DisplacedTrack_v2		1	1	1	1	1	1	1	1	1	1	1		L1_HTT255 OR L1_HTT300 OR L1_HTT320		No	L1_HTT160 OR L1_HTT200 OR L1_HTT220 OR L1_HTT240 OR L1_HTT255 OR L1_HTT270 OR L1_HTT280 OR L1_HTT300 OR L1_HTT320	EXO				
		HLT_HT350_DisplacedDijet80_Tight_DisplacedTrack_v2		1	1	1	1	1	1	1	1	1	1	1		L1_HTT255 OR L1_HTT300 OR L1_HTT320		No	L1_HTT160 OR L1_HTT200 OR L1_HTT220 OR L1_HTT240 OR L1_HTT255 OR L1_HTT270 OR L1_HTT280 OR L1_HTT300 OR L1_HTT320	EXO				
		HLT_HT400_DisplacedDijet40_Inclusive_v2		1	1	1	1	1	1	1	1	1	1	1		L1_HTT160 OR L1_HTT200 OR L1_HTT220 OR L1_HTT255 OR L1_HTT300 OR L1_HTT320		No	L1_HTT160 OR L1_HTT200 OR L1_HTT220 OR L1_HTT240 OR L1_HTT255 OR L1_HTT270 OR L1_HTT280 OR L1_HTT300 OR L1_HTT320	EXO				
		HLT_HT425_v1		1500	750	530	370	210	100	75	50	36	20	10		L1_HTT220 OR L1_HTT255 OR L1_HTT280 OR L1_HTT300		No	L1_HTT160 OR L1_HTT200 OR L1_HTT220 OR L1_HTT240 OR L1_HTT255 OR L1_HTT270 OR L1_HTT280 OR L1_HTT300 OR L1_HTT320	EXO				
		HLT_HT500_DisplacedDijet40_Inclusive_v2		1	1	1	1	1	1	1	1	1	1	1		L1_HTT220 OR L1_HTT255 OR L1_HTT300 OR L1_HTT320		No	L1_HTT160 OR L1_HTT200 OR L1_HTT220 OR L1_HTT240 OR L1_HTT255 OR L1_HTT270 OR L1_HTT280 OR L1_HTT300 OR L1_HTT320	EXO				
		HLT_HT550_DisplacedDijet40_Inclusive_v2		0	1	1	1	1	1	1	1	1	1	1		L1_HTT220 OR L1_HTT255 OR L1_HTT300 OR L1_HTT320		No	L1_HTT160 OR L1_HTT200 OR L1_HTT220 OR L1_HTT240 OR L1_HTT255 OR L1_HTT270 OR L1_HTT280 OR L1_HTT300 OR L1_HTT320	EXO				
		HLT_HT575_v1		500	250	170	120	70	35	25	20	12	10	3		L1_HTT220 OR L1_HTT255 OR L1_HTT280 OR L1_HTT300		No	L1_HTT160 OR L1_HTT200 OR L1_HTT220 OR L1_HTT240 OR L1_HTT255 OR L1_HTT270 OR L1_HTT280 OR L1_HTT300 OR L1_HTT320	EXO				
		HLT_HT650_DisplacedDijet80_Inclusive_v2		1	1	1	1	1	1	1	1	1	1	1		L1_HTT255 OR L1_HTT300 OR L1_HTT320		No	L1_HTT160 OR L1_HTT200 OR L1_HTT220 OR L1_HTT240 OR L1_HTT255 OR L1_HTT270 OR L1_HTT280 OR L1_HTT300 OR L1_HTT320	EXO				
		HLT_HT750_DisplacedDijet80_Inclusive_v2		1	1	1	1	1	1	1	1	1	1	1		L1_HTT255 OR L1_HTT300 OR L1_HTT320		No	L1_HTT160 OR L1_HTT200 OR L1_HTT220 OR L1_HTT240 OR L1_HTT255 OR L1_HTT270 OR L1_HTT280 OR L1_HTT300 OR L1_HTT320	EXO				
		HLT_VBF_DisplacedJet40_DisplacedTrack_2TrackIP2DSig5_v2		1	1	1	1	1	1	1	1	1	1	1		L1_TripleJet_84_68_48_VBF OR L1_TripleJet_88_72_56_VBF OR L1_TripleJet_92_76_64_VBF OR L1_HTT300								
		HLT_VBF_DisplacedJet40_DisplacedTrack_v2		1	1	1	1	1	1	1	1	1	1	1		L1_TripleJet_84_68_48_VBF OR L1_TripleJet_88_72_56_VBF OR L1_TripleJet_92_76_64_VBF OR L1_HTT300								
		HLT_VBF_DisplacedJet40_Hadronic_2PromptTrack_v2		1	1	1	1	1	1	1	1	1	1	1		L1_TripleJet_84_68_48_VBF OR L1_TripleJet_88_72_56_VBF OR L1_TripleJet_92_76_64_VBF OR L1_HTT300								
		HLT_VBF_DisplacedJet40_Hadronic_v2		1	1	1	1	1	1	1	1	1	1	1		L1_TripleJet_84_68_48_VBF OR L1_TripleJet_88_72_56_VBF OR L1_TripleJet_92_76_64_VBF OR L1_HTT300								
		HLT_VBF_DisplacedJet40_TightID_DisplacedTrack_v2		0	1	1	1	1	1	1	1	1	1	1		L1_TripleJet_84_68_48_VBF OR L1_TripleJet_88_72_56_VBF OR L1_TripleJet_92_76_64_VBF OR L1_HTT300								
		HLT_VBF_DisplacedJet40_TightID_Hadronic_v2		0	1	1	1	1	1	1	1	1	1	1		L1_TripleJet_84_68_48_VBF OR L1_TripleJet_88_72_56_VBF OR L1_TripleJet_92_76_64_VBF OR L1_HTT300								
		HLT_VBF_DisplacedJet40_VTightID_DisplacedTrack_v2		1	0	0	0	0	0	0	0	0	0	0		L1_TripleJet_84_68_48_VBF OR L1_TripleJet_88_72_56_VBF OR L1_TripleJet_92_76_64_VBF OR L1_HTT300								
		HLT_VBF_DisplacedJet40_VTightID_Hadronic_v2		1	0	0	0	0	0	0	0	0	0	0		L1_TripleJet_84_68_48_VBF OR L1_TripleJet_88_72_56_VBF OR L1_TripleJet_92_76_64_VBF OR L1_HTT300								
		HLT_VBF_DisplacedJet40_VVTightID_DisplacedTrack_v2		1	0	0	0	0	0	0	0	0	0	0		L1_TripleJet_84_68_48_VBF OR L1_TripleJet_88_72_56_VBF OR L1_TripleJet_92_76_64_VBF OR L1_HTT300								
		HLT_VBF_DisplacedJet40_VVTightID_Hadronic_v2		1	0	0	0	0	0	0	0	0	0	0		L1_TripleJet_84_68_48_VBF OR L1_TripleJet_88_72_56_VBF OR L1_TripleJet_92_76_64_VBF OR L1_HTT300								
	dataset HTMHT																							
		HLT_DiCentralPFJet55_PFMET110_v1		1	1	1	1	1	1	1	1	1	1	1		L1_ETM50 OR L1_ETM60 OR L1_ETM70		CMSHLT-762	L1_ETM50 OR L1_ETM60 OR L1_ETM70 OR L1_ETM80 OR L1_ETM90 OR L1_ETM100					
		HLT_DiPFJet40_DEta3p5_MJJ600_PFMETNoMu140_v1		1	1	1	1	1	1	1	1	1	1	1		L1_ETM60 OR L1_ETM70		CMSHLT-764	L1_ETM80 OR L1_ETM90 OR L1_ETM100					
		HLT_DiPFJet40_DEta3p5_MJJ600_PFMETNoMu80_v1		1	80	60	40	1	1	1	1	1	1	1		L1_ETM50		CMSHLT-764	L1_ETM50 OR L1_ETM60					
		HLT_PFHT200_DiPFJetAve90_PFAlphaT0p57_v2		150	1	1	1	1	1	1	1	1	1	1		L1_HTT160 OR L1_HTT200 OR L1_HTT220 OR L1_HTT255 OR L1_HTT300 OR L1_HTT320 OR L1_ETM40 OR L1_ETM50 OR L1_ETM60 OR L1_ETM70 OR L1_ETM100		CMSHLT-762	L1_HTT160 OR L1_HTT200 OR L1_HTT220 OR L1_HTT240 OR L1_HTT255 OR L1_HTT270 OR L1_HTT280 OR L1_HTT300 OR L1_HTT320 OR L1_ETM40 OR L1_ETM50 OR L1_ETM60 OR L1_ETM70 OR L1_ETM80 OR L1_ETM90 OR L1_ETM100 OR L1_ETM120					
		HLT_PFHT200_DiPFJetAve90_PFAlphaT0p63_v2		1	1	1	1	1	1	1	1	1	1	1		L1_HTT160 OR L1_HTT200 OR L1_HTT220 OR L1_HTT255 OR L1_HTT300 OR L1_HTT320 OR L1_ETM40 OR L1_ETM50 OR L1_ETM60 OR L1_ETM70 OR L1_ETM100		CMSHLT-762	L1_HTT160 OR L1_HTT200 OR L1_HTT220 OR L1_HTT240 OR L1_HTT255 OR L1_HTT270 OR L1_HTT280 OR L1_HTT300 OR L1_HTT320 OR L1_ETM40 OR L1_ETM50 OR L1_ETM60 OR L1_ETM70 OR L1_ETM80 OR L1_ETM90 OR L1_ETM100 OR L1_ETM120					
		HLT_PFHT200_PFAlphaT0p51_v2		175	175	175	175	175	175	175	175	175	175	175		L1_HTT220 OR L1_HTT255 OR L1_HTT300 OR L1_HTT320 OR L1_ETM40 OR L1_ETM50 OR L1_ETM60 OR L1_ETM70 OR L1_ETM100		CMSHLT-762	L1_HTT160 OR L1_HTT200 OR L1_HTT220 OR L1_HTT240 OR L1_HTT255 OR L1_HTT270 OR L1_HTT280 OR L1_HTT300 OR L1_HTT320 OR L1_ETM40 OR L1_ETM50 OR L1_ETM60 OR L1_ETM70 OR L1_ETM80 OR L1_ETM90 OR L1_ETM100 OR L1_ETM120					
		HLT_PFHT250_DiPFJetAve90_PFAlphaT0p55_v2		150	1	1	1	1	1	1	1	1	1	1		L1_HTT160 OR L1_HTT200 OR L1_HTT220 OR L1_HTT255 OR L1_HTT300 OR L1_HTT320 OR L1_ETM40 OR L1_ETM50 OR L1_ETM60 OR L1_ETM70 OR L1_ETM100		CMSHLT-762	L1_HTT160 OR L1_HTT200 OR L1_HTT220 OR L1_HTT240 OR L1_HTT255 OR L1_HTT270 OR L1_HTT280 OR L1_HTT300 OR L1_HTT320 OR L1_ETM40 OR L1_ETM50 OR L1_ETM60 OR L1_ETM70 OR L1_ETM80 OR L1_ETM90 OR L1_ETM100 OR L1_ETM120					
		HLT_PFHT250_DiPFJetAve90_PFAlphaT0p58_v2		1	1	1	1	1	1	1	1	1	1	1		L1_HTT160 OR L1_HTT200 OR L1_HTT220 OR L1_HTT255 OR L1_HTT300 OR L1_HTT320 OR L1_ETM40 OR L1_ETM50 OR L1_ETM60 OR L1_ETM70 OR L1_ETM100		CMSHLT-762	L1_HTT160 OR L1_HTT200 OR L1_HTT220 OR L1_HTT240 OR L1_HTT255 OR L1_HTT270 OR L1_HTT280 OR L1_HTT300 OR L1_HTT320 OR L1_ETM40 OR L1_ETM50 OR L1_ETM60 OR L1_ETM70 OR L1_ETM80 OR L1_ETM90 OR L1_ETM100 OR L1_ETM120					
		HLT_PFHT300_DiPFJetAve90_PFAlphaT0p53_v2		150	1	1	1	1	1	1	1	1	1	1		L1_HTT160 OR L1_HTT200 OR L1_HTT220 OR L1_HTT255 OR L1_HTT300 OR L1_HTT320 OR L1_ETM40 OR L1_ETM50 OR L1_ETM60 OR L1_ETM70 OR L1_ETM100		CMSHLT-762	L1_HTT160 OR L1_HTT200 OR L1_HTT220 OR L1_HTT240 OR L1_HTT255 OR L1_HTT270 OR L1_HTT280 OR L1_HTT300 OR L1_HTT320 OR L1_ETM40 OR L1_ETM50 OR L1_ETM60 OR L1_ETM70 OR L1_ETM80 OR L1_ETM90 OR L1_ETM100 OR L1_ETM120					
		HLT_PFHT300_DiPFJetAve90_PFAlphaT0p54_v2		1	1	1	1	1	1	1	1	1	1	1		L1_HTT160 OR L1_HTT200 OR L1_HTT220 OR L1_HTT255 OR L1_HTT300 OR L1_HTT320 OR L1_ETM40 OR L1_ETM50 OR L1_ETM60 OR L1_ETM70 OR L1_ETM100		CMSHLT-762	L1_HTT160 OR L1_HTT200 OR L1_HTT220 OR L1_HTT240 OR L1_HTT255 OR L1_HTT270 OR L1_HTT280 OR L1_HTT300 OR L1_HTT320 OR L1_ETM40 OR L1_ETM50 OR L1_ETM60 OR L1_ETM70 OR L1_ETM80 OR L1_ETM90 OR L1_ETM100 OR L1_ETM120					
		HLT_PFHT300_PFMET100_v1		1	1	1	1	1	1	1	1	1	1	1		L1_HTT200 OR L1_HTT220 OR L1_HTT255 OR L1_HTT300		CMSHLT-762	L1_HTT160 OR L1_HTT200 OR L1_HTT220 OR L1_HTT240 OR L1_HTT255 OR L1_HTT270 OR L1_HTT280 OR L1_HTT300 OR L1_HTT320					
		HLT_PFHT300_PFMET110_v1		1	1	1	1	1	1	1	1	1	1	1		L1_HTT200 OR L1_HTT220 OR L1_HTT255 OR L1_HTT300		CMSHLT-762	L1_HTT160 OR L1_HTT200 OR L1_HTT220 OR L1_HTT240 OR L1_HTT255 OR L1_HTT270 OR L1_HTT280 OR L1_HTT300 OR L1_HTT320					
		HLT_PFHT350_DiPFJetAve90_PFAlphaT0p52_v2		150	1	1	1	1	1	1	1	1	1	1		L1_HTT160 OR L1_HTT200 OR L1_HTT220 OR L1_HTT255 OR L1_HTT300 OR L1_HTT320 OR L1_ETM40 OR L1_ETM50 OR L1_ETM60 OR L1_ETM70 OR L1_ETM100		CMSHLT-762	L1_HTT160 OR L1_HTT200 OR L1_HTT220 OR L1_HTT240 OR L1_HTT255 OR L1_HTT270 OR L1_HTT280 OR L1_HTT300 OR L1_HTT320 OR L1_ETM40 OR L1_ETM50 OR L1_ETM60 OR L1_ETM70 OR L1_ETM80 OR L1_ETM90 OR L1_ETM100 OR L1_ETM120					
		HLT_PFHT350_DiPFJetAve90_PFAlphaT0p53_v2		1	1	1	1	1	1	1	1	1	1	1		L1_HTT160 OR L1_HTT200 OR L1_HTT220 OR L1_HTT255 OR L1_HTT300 OR L1_HTT320 OR L1_ETM40 OR L1_ETM50 OR L1_ETM60 OR L1_ETM70 OR L1_ETM100		CMSHLT-762	L1_HTT160 OR L1_HTT200 OR L1_HTT220 OR L1_HTT240 OR L1_HTT255 OR L1_HTT270 OR L1_HTT280 OR L1_HTT300 OR L1_HTT320 OR L1_ETM40 OR L1_ETM50 OR L1_ETM60 OR L1_ETM70 OR L1_ETM80 OR L1_ETM90 OR L1_ETM100 OR L1_ETM120					
		HLT_PFHT400_DiPFJetAve90_PFAlphaT0p51_v2		150	1	1	1	1	1	1	1	1	1	1		L1_HTT160 OR L1_HTT200 OR L1_HTT220 OR L1_HTT255 OR L1_HTT300 OR L1_HTT320 OR L1_ETM40 OR L1_ETM50 OR L1_ETM60 OR L1_ETM70 OR L1_ETM100		CMSHLT-762	L1_HTT160 OR L1_HTT200 OR L1_HTT220 OR L1_HTT240 OR L1_HTT255 OR L1_HTT270 OR L1_HTT280 OR L1_HTT300 OR L1_HTT320 OR L1_ETM40 OR L1_ETM50 OR L1_ETM60 OR L1_ETM70 OR L1_ETM80 OR L1_ETM90 OR L1_ETM100 OR L1_ETM120					
		HLT_PFHT400_DiPFJetAve90_PFAlphaT0p52_v2		1	1	1	1	1	1	1	1	1	1	1		L1_HTT160 OR L1_HTT200 OR L1_HTT220 OR L1_HTT255 OR L1_HTT300 OR L1_HTT320 OR L1_ETM40 OR L1_ETM50 OR L1_ETM60 OR L1_ETM70 OR L1_ETM100		CMSHLT-762	L1_HTT160 OR L1_HTT200 OR L1_HTT220 OR L1_HTT240 OR L1_HTT255 OR L1_HTT270 OR L1_HTT280 OR L1_HTT300 OR L1_HTT320 OR L1_ETM40 OR L1_ETM50 OR L1_ETM60 OR L1_ETM70 OR L1_ETM80 OR L1_ETM90 OR L1_ETM100 OR L1_ETM120					
		HLT_Rsq0p25_v2		1	1	1	1	1	1	1	1	1	1	1		L1_HTT160 OR L1_HTT200 OR L1_HTT220 OR L1_HTT240 OR L1_HTT255 OR L1_HTT270 OR L1_HTT280 OR L1_HTT300 OR L1_SingleJet120 OR L1_SingleJet140 OR L1_SingleJet150 OR L1_SingleJet160 OR L1_SingleJet170 OR L1_SingleJet180 OR L1_SingleJet200 OR L1_DoubleJetC80 OR L1_DoubleJetC100 OR L1_QuadJetC40 OR L1_QuadJetC50 OR L1_QuadJetC60 OR L1_Mu6_HTT200 OR L1_Mu8_HTT150 OR L1_EG27er_HTT200 OR L1_EG25er_HTT125 OR L1_DoubleEG6_HTT255	...	yes						
		HLT_Rsq0p30_v2		1	1	1	1	1	1	1	1	1	1	1		L1_HTT160 OR L1_HTT200 OR L1_HTT220 OR L1_HTT240 OR L1_HTT255 OR L1_HTT270 OR L1_HTT280 OR L1_HTT300 OR L1_SingleJet120 OR L1_SingleJet140 OR L1_SingleJet150 OR L1_SingleJet160 OR L1_SingleJet170 OR L1_SingleJet180 OR L1_SingleJet200 OR L1_DoubleJetC80 OR L1_DoubleJetC100 OR L1_QuadJetC40 OR L1_QuadJetC50 OR L1_QuadJetC60 OR L1_Mu6_HTT200 OR L1_Mu8_HTT150 OR L1_EG27er_HTT200 OR L1_EG25er_HTT125 OR L1_DoubleEG6_HTT255	...	yes						
		HLT_RsqMR240_Rsq0p09_MR200_4jet_v2		0	1	1	1	1	1	1	1	1	1	1		L1_HTT160 OR L1_HTT200 OR L1_HTT220 OR L1_HTT240 OR L1_HTT255 OR L1_HTT270 OR L1_HTT280 OR L1_HTT300 OR L1_SingleJet120 OR L1_SingleJet140 OR L1_SingleJet150 OR L1_SingleJet160 OR L1_SingleJet170 OR L1_SingleJet180 OR L1_SingleJet200 OR L1_DoubleJetC80 OR L1_DoubleJetC100 OR L1_QuadJetC40 OR L1_QuadJetC50 OR L1_QuadJetC60 OR L1_Mu6_HTT200 OR L1_Mu8_HTT150 OR L1_EG27er_HTT200 OR L1_EG25er_HTT125 OR L1_DoubleEG6_HTT255	...	yes, but prescale should be 1 for 1e34 and emergency						
		HLT_RsqMR240_Rsq0p09_MR200_v2		0	1	1	1	1	1	1	1	1	1	1		L1_HTT160 OR L1_HTT200 OR L1_HTT220 OR L1_HTT240 OR L1_HTT255 OR L1_HTT270 OR L1_HTT280 OR L1_HTT300 OR L1_SingleJet120 OR L1_SingleJet140 OR L1_SingleJet150 OR L1_SingleJet160 OR L1_SingleJet170 OR L1_SingleJet180 OR L1_SingleJet200 OR L1_DoubleJetC80 OR L1_DoubleJetC100 OR L1_QuadJetC40 OR L1_QuadJetC50 OR L1_QuadJetC60 OR L1_Mu6_HTT200 OR L1_Mu8_HTT150 OR L1_EG27er_HTT200 OR L1_EG25er_HTT125 OR L1_DoubleEG6_HTT255	...	yes, but prescale should be 1 for 1e34 and emergency						
		HLT_RsqMR270_Rsq0p09_MR200_4jet_v2		1	1	1	1	1	1	1	1	1	1	1		L1_HTT160 OR L1_HTT200 OR L1_HTT220 OR L1_HTT240 OR L1_HTT255 OR L1_HTT270 OR L1_HTT280 OR L1_HTT300 OR L1_SingleJet120 OR L1_SingleJet140 OR L1_SingleJet150 OR L1_SingleJet160 OR L1_SingleJet170 OR L1_SingleJet180 OR L1_SingleJet200 OR L1_DoubleJetC80 OR L1_DoubleJetC100 OR L1_QuadJetC40 OR L1_QuadJetC50 OR L1_QuadJetC60 OR L1_Mu6_HTT200 OR L1_Mu8_HTT150 OR L1_EG27er_HTT200 OR L1_EG25er_HTT125 OR L1_DoubleEG6_HTT255	...	yes						
		HLT_RsqMR270_Rsq0p09_MR200_v2		1	1	1	1	1	1	1	1	1	1	1		L1_HTT160 OR L1_HTT200 OR L1_HTT220 OR L1_HTT240 OR L1_HTT255 OR L1_HTT270 OR L1_HTT280 OR L1_HTT300 OR L1_SingleJet120 OR L1_SingleJet140 OR L1_SingleJet150 OR L1_SingleJet160 OR L1_SingleJet170 OR L1_SingleJet180 OR L1_SingleJet200 OR L1_DoubleJetC80 OR L1_DoubleJetC100 OR L1_QuadJetC40 OR L1_QuadJetC50 OR L1_QuadJetC60 OR L1_Mu6_HTT200 OR L1_Mu8_HTT150 OR L1_EG27er_HTT200 OR L1_EG25er_HTT125 OR L1_DoubleEG6_HTT255	...	yes						
	dataset JetHT																							
		HLT_AK8DiPFJet250_200_TrimMass30_BTagCSV_p20_v1		1	1	1	1	1	1	1	1	1	1	1		L1_SingleJet180 OR L1_SingleJet200		yes						
		HLT_AK8DiPFJet250_200_TrimMass30_v1		0	35	25	15	10	5	3	2	1	1	1		L1_SingleJet180 OR L1_SingleJet200		yes						
		HLT_AK8DiPFJet280_200_TrimMass30_BTagCSV_p20_v1		1	1	1	1	1	1	1	1	1	1	1		L1_SingleJet180 OR L1_SingleJet200		yes						
		HLT_AK8DiPFJet280_200_TrimMass30_v1		35	20	15	10	6	3	2	1	1	1	1		L1_SingleJet180 OR L1_SingleJet200		yes						
		HLT_AK8PFHT600_TrimR0p1PT0p03Mass50_BTagCSV_p20_v1		1	1	1	1	1	1	1	1	1	1	1		L1_HTT255 OR L1_HTT300		No	L1_HTT240 OR L1_HTT255 OR L1_HTT270 OR L1_HTT280 OR L1_HTT300 OR L1_HTT320	B2G EXO				
		HLT_AK8PFHT650_TrimR0p1PT0p03Mass50_v2		1	1	1	1	1	1	1	1	1	1	1		L1_HTT255 OR L1_HTT300		No	L1_HTT240 OR L1_HTT255 OR L1_HTT270 OR L1_HTT280 OR L1_HTT300 OR L1_HTT320	B2G EXO				
		HLT_AK8PFHT700_TrimR0p1PT0p03Mass50_v3		1	1	1	1	1	1	1	1	1	1	1		L1_HTT255 OR L1_HTT300		No	L1_HTT240 OR L1_HTT255 OR L1_HTT270 OR L1_HTT280 OR L1_HTT300 OR L1_HTT320	B2G EXO				
		HLT_AK8PFJet360_TrimMass30_v3		1	1	1	1	1	1	1	1	1	1	1		L1_SingleJet180 OR L1_SingleJet200		yes						
		HLT_CaloJet500_NoJetID_v2		1	1	1	1	1	1	1	1	1	1	1		L1_SingleJet200		No	L1_SingleJet170 OR L1_SingleJet180 OR L1_SingleJet200	EXO				
		HLT_DiPFJetAve100_HFJEC_v3		1	1	1	1	1	1	1	1	1	1	1		L1_SingleJet60		yes, but prescale should be 1 for emergency as well?		JME	need to double-check combined prescales, when ready			
		HLT_DiPFJetAve140_v2		2	2	2	1	1	1	1	1	1	1	1		L1_SingleJet90		yes		JME	(all paths)			
		HLT_DiPFJetAve160_HFJEC_v3		48	24	16	12	6	3	2	1	1	1	1		L1_SingleJet120		yes		JME				
		HLT_DiPFJetAve200_v2		250	125	85	60	35	16	12	9	6	4	2		L1_SingleJet120		yes		JME				
		HLT_DiPFJetAve220_HFJEC_v3		2	1	1	1	1	1	1	1	1	1	1		L1_SingleJet180		CMSHLT-774	L1_SingleJet170	JME				
		HLT_DiPFJetAve260_v2		85	85	60	42	24	12	8	6	4	2	1		L1_SingleJet120 OR L1_SingleJet180		CMSHLT-774	L1_SingleJet170	JME				
		HLT_DiPFJetAve300_HFJEC_v3		1	1	1	1	1	1	1	1	1	1	1		L1_SingleJet180		CMSHLT-774	L1_SingleJet170	JME				
		HLT_DiPFJetAve320_v2		15	15	10	6	4	2	1	1	1	1	1		L1_SingleJet120 OR L1_SingleJet180		CMSHLT-774	L1_SingleJet170	JME				
		HLT_DiPFJetAve400_v2		5	5	3	2	1	1	1	1	1	1	1		L1_SingleJet120 OR L1_SingleJet180		CMSHLT-774	L1_SingleJet170	JME				
		HLT_DiPFJetAve40_v2		25	16	12	8	5	3	2	1	1	1	1		L1_ZeroBias		yes		JME				
		HLT_DiPFJetAve500_v2		1	1	1	1	1	1	1	1	1	1	1		L1_SingleJet120 OR L1_SingleJet180		CMSHLT-774	L1_SingleJet170	JME				
		HLT_DiPFJetAve60_HFJEC_v3		1	1	1	1	1	1	1	1	1	1	1		L1_SingleJet35		yes, but prescale should be 1 for emergency as well?		JME				
		HLT_DiPFJetAve60_v2		1	1	1	1	1	1	1	1	1	1	1		L1_ZeroBias		yes		JME				
		HLT_DiPFJetAve80_HFJEC_v3		1	1	1	1	1	1	1	1	1	1	1		L1_SingleJet60		yes		JME				
		HLT_DiPFJetAve80_v2		7	7	7	7	7	7	7	7	7	7	7		L1_SingleJet60		yes		JME				
		HLT_HT2000_v1		1	1	1	1	1	1	1	1	1	1	1		L1_HTT300		No	L1_HTT280  OR L1_HTT300 OR L1_HTT320	EXO Hotline				
		HLT_HT2500_v1		1	1	1	1	1	1	1	1	1	1	1		L1_HTT300		No	L1_HTT280  OR L1_HTT300 OR L1_HTT320	EXO Hotline				
		HLT_L1_TripleJet_VBF_v4		10000	5000	3600	2400	1400	680	500	360	240	140	68		L1_TripleJet_92_76_64_VBF OR L1_TripleJet_84_68_48_VBF OR L1_HTT200 OR L1_HTT220 OR L1_HTT255 OR L1_HTT300 OR L1_SingleJet120 OR L1_DoubleJetC80		CMSHLT-764	L1_TripleJet_88_72_56_VBF OR L1_TripleJet_84_68_48_VBF OR L1_TripleJet_92_76_64_VBF OR L1_HTT280 OR L1_HTT300 OR L1_HTT320 OR L1_SingleJet170 OR L1_SingleJet180 OR L1_SingleJet200 OR L1_DoubleJetC100 OR L1_DoubleJetC112 OR L1_DoubleJetC120					
		HLT_PFHT125_v1		30000	30000	2500	2500	2500	2500	2500	2500	2500	2500	2500		L1_HTT120		yes						
		HLT_PFHT200_v2		3060	3060	3060	3060	3060	3060	3060	3060	3060	3060	3060		L1_HTT160 OR L1_HTT200 OR L1_HTT220 OR L1_HTT255 OR L1_HTT300		CMSHLT-762	L1_HTT160 OR L1_HTT200 OR L1_HTT220 OR L1_HTT240 OR L1_HTT255 OR L1_HTT270 OR L1_HTT280 OR L1_HTT300 OR L1_HTT320					
		HLT_PFHT250_v2		2040	2040	2040	2040	2040	2040	2040	2040	2040	2040	2040		L1_HTT160 OR L1_HTT200 OR L1_HTT220 OR L1_HTT255 OR L1_HTT300		CMSHLT-762	L1_HTT160 OR L1_HTT200 OR L1_HTT220 OR L1_HTT240 OR L1_HTT255 OR L1_HTT270 OR L1_HTT280 OR L1_HTT300 OR L1_HTT320					
		HLT_PFHT300_v2		1020	1020	1020	1020	1020	1020	1020	1020	1020	1020	1020		L1_HTT160 OR L1_HTT200 OR L1_HTT220 OR L1_HTT255 OR L1_HTT300		CMSHLT-762	L1_HTT160 OR L1_HTT200 OR L1_HTT220 OR L1_HTT240 OR L1_HTT255 OR L1_HTT270 OR L1_HTT280 OR L1_HTT300 OR L1_HTT320					
		HLT_PFHT350_v3		180	180	180	180	180	180	180	180	180	180	180		L1_HTT160 OR L1_HTT200 OR L1_HTT220 OR L1_HTT255 OR L1_HTT300		CMSHLT-762	L1_HTT160 OR L1_HTT200 OR L1_HTT220 OR L1_HTT240 OR L1_HTT255 OR L1_HTT270 OR L1_HTT280 OR L1_HTT300 OR L1_HTT320					
		HLT_PFHT400_SixJet30_DoubleBTagCSV_p056_v1		1	1	1	1	1	1	1	1	1	1	1		L1_HTT300		CMSHLT-764	L1_HTT280  OR L1_HTT300					
		HLT_PFHT400_SixJet30_v3		100	75	50	38	22	10	8	5	4	2	1		L1_HTT300		CMSHLT-764	L1_HTT280  OR L1_HTT300					
		HLT_PFHT400_v2		120	120	120	120	120	120	120	120	120	120	120		L1_HTT160 OR L1_HTT200 OR L1_HTT220 OR L1_HTT255 OR L1_HTT300		CMSHLT-762	L1_HTT160 OR L1_HTT200 OR L1_HTT220 OR L1_HTT240 OR L1_HTT255 OR L1_HTT270 OR L1_HTT280 OR L1_HTT300 OR L1_HTT320					
		HLT_PFHT450_SixJet40_BTagCSV_p056_v1		1	1	1	1	1	1	1	1	1	1	1		L1_HTT300		CMSHLT-764	L1_HTT280  OR L1_HTT300					
		HLT_PFHT450_SixJet40_v3		6	4	3	2	1	1	1	1	1	1	1		L1_HTT300		CMSHLT-764	L1_HTT280  OR L1_HTT300					
		HLT_PFHT475_v2		60	60	60	60	60	60	60	60	60	60	60		L1_HTT160 OR L1_HTT200 OR L1_HTT220 OR L1_HTT255 OR L1_HTT300		CMSHLT-762	L1_HTT160 OR L1_HTT200 OR L1_HTT220 OR L1_HTT240 OR L1_HTT255 OR L1_HTT270 OR L1_HTT280 OR L1_HTT300 OR L1_HTT320					
		HLT_PFHT550_4JetPt50_v1		110	55	36	30	15	6	4	3	2	1	1		L1_HTT255 OR L1_HTT300		No	L1_HTT160 OR L1_HTT200 OR L1_HTT220 OR L1_HTT240 OR L1_HTT255 OR L1_HTT270 OR L1_HTT280 OR L1_HTT300 OR L1_HTT320	EXO				
		HLT_PFHT600_v3		50	25	18	12	6	3	2	1	1	1	1		L1_HTT160 OR L1_HTT200 OR L1_HTT220 OR L1_HTT255 OR L1_HTT300		CMSHLT-762	L1_HTT160 OR L1_HTT200 OR L1_HTT220 OR L1_HTT240 OR L1_HTT255 OR L1_HTT270 OR L1_HTT280 OR L1_HTT300 OR L1_HTT320					
		HLT_PFHT650_4JetPt50_v1		90	45	24	20	10	6	4	3	2	1	1		L1_HTT255 OR L1_HTT300		No	L1_HTT160 OR L1_HTT200 OR L1_HTT220 OR L1_HTT240 OR L1_HTT255 OR L1_HTT270 OR L1_HTT280 OR L1_HTT300 OR L1_HTT320	EXO				
		HLT_PFHT650_WideJetMJJ900DEtaJJ1p5_v3		1	1	1	1	1	1	1	1	1	1	1		L1_HTT255 OR L1_HTT300		No	L1_HTT160 OR L1_HTT200 OR L1_HTT220 OR L1_HTT240 OR L1_HTT255 OR L1_HTT270 OR L1_HTT280 OR L1_HTT300 OR L1_HTT320	EXO				
		HLT_PFHT650_WideJetMJJ950DEtaJJ1p5_v3		1	1	1	1	1	1	1	1	1	1	1		L1_HTT255 OR L1_HTT300		No	L1_HTT160 OR L1_HTT200 OR L1_HTT220 OR L1_HTT240 OR L1_HTT255 OR L1_HTT270 OR L1_HTT280 OR L1_HTT300 OR L1_HTT320	EXO				
		HLT_PFHT650_v3		40	20	12	10	5	2	2	1	1	1	1		L1_HTT255 OR L1_HTT300		CMSHLT-762	L1_HTT160 OR L1_HTT200 OR L1_HTT220 OR L1_HTT240 OR L1_HTT255 OR L1_HTT270 OR L1_HTT280 OR L1_HTT300 OR L1_HTT320					
		HLT_PFHT750_4JetPt50_v3		1	1	1	1	1	1	1	1	1	1	1		L1_HTT255 OR L1_HTT300		No	L1_HTT160 OR L1_HTT200 OR L1_HTT220 OR L1_HTT240 OR L1_HTT255 OR L1_HTT270 OR L1_HTT280 OR L1_HTT300 OR L1_HTT320	EXO				
		HLT_PFHT800_v2		1	1	1	1	1	1	1	1	1	1	1		L1_HTT200 OR L1_HTT220 OR L1_HTT255 OR L1_HTT300		CMSHLT-762	L1_HTT160 OR L1_HTT200 OR L1_HTT220 OR L1_HTT240 OR L1_HTT255 OR L1_HTT270 OR L1_HTT280 OR L1_HTT300 OR L1_HTT320					
		HLT_PFHT900_v1		1	1	1	1	1	1	1	1	1	1	1		L1_HTT160 OR L1_HTT200 OR L1_HTT220 OR L1_HTT255 OR L1_HTT280 OR L1_HTT300		CMSHLT-762	L1_HTT160 OR L1_HTT200 OR L1_HTT220 OR L1_HTT240 OR L1_HTT255 OR L1_HTT270 OR L1_HTT280 OR L1_HTT300 OR L1_HTT320					
		HLT_PFJet140_v4		1	1	1	1	1	1	1	1	1	1	1		L1_SingleJet90		yes						
		HLT_PFJet200_v4		1	270	189	135	80	42	28	36	24	15	6		L1_SingleJet120		yes						
		HLT_PFJet260_v4		180	90	63	45	8	6	4	3	2	1	1		L1_SingleJet120 OR L1_SingleJet200		CMSHLT-774	L1_SingleJet170					
		HLT_PFJet320_v4		60	30	21	15	4	3	2	1	1	1	1		L1_SingleJet120 OR L1_SingleJet200		CMSHLT-774	L1_SingleJet170					
		HLT_PFJet400_v4		20	10	7	5	2	1	1	1	1	1	1		L1_SingleJet120 OR L1_SingleJet200		CMSHLT-774	L1_SingleJet170					
		HLT_PFJet40_v4		150	70	50	30	60	60	45	300	300	300	300		L1_ZeroBias		yes						
		HLT_PFJet450_v4		1	1	1	1	1	1	1	1	1	1	1		L1_SingleJet120 OR L1_SingleJet200		CMSHLT-774	L1_SingleJet170					
		HLT_PFJet500_v4		1	1	1	1	1	1	1	1	1	1	1		L1_SingleJet120 OR L1_SingleJet200		CMSHLT-774	L1_SingleJet170					
		HLT_PFJet60_v4		1	1	12	12	12	12	12	12	12	12	12		L1_SingleJet35		yes						
		HLT_PFJet80_v4		5	5	5	5	5	5	5	5	5	5	5		L1_SingleJet60		yes						
		HLT_QuadPFJet_VBF_v4		2500	1250	900	600	350	170	120	90	60	35	17		L1_TripleJet_92_76_64_VBF OR L1_TripleJet_84_68_48_VBF OR L1_HTT200 OR L1_HTT220 OR L1_HTT255 OR L1_HTT300 OR L1_SingleJet120 OR L1_DoubleJetC80		CMSHLT-764	L1_TripleJet_88_72_56_VBF OR L1_TripleJet_84_68_48_VBF OR L1_TripleJet_92_76_64_VBF OR L1_HTT280 OR L1_HTT300 OR L1_HTT320 OR L1_SingleJet170 OR L1_SingleJet180 OR L1_SingleJet200 OR L1_DoubleJetC100 OR L1_DoubleJetC112 OR L1_DoubleJetC120					
	dataset MET																							
		HLT_CaloMHTNoPU90_PFMET90_PFMHT90_IDTight_BTagCSV_p067_v1		1	1	1	1	1	1	1	1	1	1	1		L1_ETM70 OR L1_DoubleJetC60_ETM60 OR L1_ETM60 OR L1_ETM50		CMSHLT-764	L1_ETM50 OR L1_ETM60 OR L1_ETM60_Jet60_dPhi_Min0p4 OR L1_ETM70 OR L1_ETM80 OR L1_ETM100					
		HLT_CaloMHTNoPU90_PFMET90_PFMHT90_IDTight_v2		50	25	17	12	7	3	2	1	1	1	1		L1_ETM70 OR L1_DoubleJetC60_ETM60 OR L1_ETM60 OR L1_ETM50		CMSHLT-764	L1_ETM50 OR L1_ETM60 OR L1_ETM60_Jet60_dPhi_Min0p4 OR L1_ETM70 OR L1_ETM80 OR L1_ETM100					
		HLT_MET200_v1		1	1	1	1	1	1	1	1	1	1	1		L1_ETM50 OR L1_ETM60 OR L1_ETM70		No	L1_ETM50 OR L1_ETM60 OR L1_ETM70 OR L1_ETM80 OR L1_ETM90 OR L1_ETM100 OR L1_ETM120	EXO	is there ETM90? yes, see v5 xml twiki from Takashi			<-- OK
		HLT_MET250_v1		1	1	1	1	1	1	1	1	1	1	1		L1_ETM60 OR L1_ETM70		No	L1_ETM60 OR L1_ETM70 OR L1_ETM80 OR L1_ETM90 OR L1_ETM100 OR L1_ETM120	EXO	is there ETM90? yes, see v5 xml twiki from Takashi			<-- OK
		HLT_MET300_v1		1	1	1	1	1	1	1	1	1	1	1		L1_ETM60 OR L1_ETM70		No	L1_ETM60 OR L1_ETM70 OR L1_ETM80 OR L1_ETM90 OR L1_ETM100 OR L1_ETM120	EXO	is there ETM90? yes, see v5 xml twiki from Takashi			<-- OK
		HLT_MET60_IsoTrk35_Loose_v1		500	250	170	120	70	35	25	17	12	7	3		L1_ETM50 OR L1_ETM60 OR L1_ETM70		Yes		EXO				
		HLT_MET75_IsoTrk50_v2		1	1	1	1	1	1	1	1	1	1	1		L1_ETM60 OR L1_ETM70		Yes		EXO				
		HLT_MET90_IsoTrk50_v2		1	1	1	1	1	1	1	1	1	1	1		L1_ETM60 OR L1_ETM70		No	L1_ETM60 OR L1_ETM70 OR L1_ETM80	EXO				
		HLT_MonoCentralPFJet80_PFMETNoMu100_PFMHTNoMu100_IDTight_v1		0	1	1	1	1	1	1	1	1	1	1		L1_ETM70 OR L1_DoubleJetC60_ETM60 OR L1_ETM60 OR L1_ETM50		No	L1_ETM50 OR L1_ETM60 OR L1_ETM60_Jet60_dPhi_Min0p4 OR L1_DoubleJetC60_ETM60 OR L1_ETM70 OR L1_ETM80 OR L1_ETM90 OR L1_ETM100	EXO	is there ETM90? yes, see v5 xml twiki from Takashi			<-- OK
		HLT_MonoCentralPFJet80_PFMETNoMu110_PFMHTNoMu110_IDTight_v1		0	1	1	1	1	1	1	1	1	1	1		L1_ETM70 OR L1_DoubleJetC60_ETM60 OR L1_ETM60 OR L1_ETM50		No	L1_ETM50 OR L1_ETM60 OR L1_ETM60_Jet60_dPhi_Min0p4 OR L1_DoubleJetC60_ETM60 OR L1_ETM70 OR L1_ETM80 OR L1_ETM90 OR L1_ETM100	EXO	is there ETM90? yes, see v5 xml twiki from Takashi			<-- OK
		HLT_MonoCentralPFJet80_PFMETNoMu120_PFMHTNoMu120_IDTight_v1		1	1	1	1	1	1	1	1	1	1	1		L1_ETM70 OR L1_DoubleJetC60_ETM60 OR L1_ETM60 OR L1_ETM50		No	L1_ETM50 OR L1_ETM60 OR L1_ETM60_Jet60_dPhi_Min0p4 OR L1_DoubleJetC60_ETM60 OR L1_ETM70 OR L1_ETM80 OR L1_ETM90 OR L1_ETM100	EXO	is there ETM90? yes, see v5 xml twiki from Takashi			<-- OK
		HLT_MonoCentralPFJet80_PFMETNoMu90_PFMHTNoMu90_IDTight_v1		0	1	1	1	1	1	1	1	1	1	1		L1_ETM70 OR L1_DoubleJetC60_ETM60 OR L1_ETM60 OR L1_ETM50		No	L1_ETM50 OR L1_ETM60 OR L1_ETM60_Jet60_dPhi_Min0p4 OR L1_DoubleJetC60_ETM60 OR L1_ETM70 OR L1_ETM80 OR L1_ETM90 OR L1_ETM100	EXO	is there ETM90? yes, see v5 xml twiki from Takashi			
		HLT_Mu14er_PFMET100_v1		1	1	1	1	1	1	1	1	1	1	1		L1_Mu10er_ETM30 OR L1_Mu14er_ETM30		yes						
		HLT_Mu3er_PFHT140_PFMET125_v1		1	1	1	1	1	1	1	1	1	1	1		L1_Mu0er_ETM40 OR L1_Mu0er_ETM55		yes						
		HLT_Mu6_PFHT200_PFMET100_v1		1	1	1	1	1	1	1	1	1	1	1		L1_Mu6_HTT200		yes						
		HLT_Mu6_PFHT200_PFMET80_BTagCSV_p067_v1		1	1	1	1	1	1	1	1	1	1	1		L1_Mu6_HTT200		yes						
		HLT_PFMET100_PFMHT100_IDTight_v2		0	1	1	1	1	1	1	1	1	1	1		L1_ETM70 OR L1_DoubleJetC60_ETM60 OR L1_ETM60 OR L1_ETM50		CMSHLT-764	L1_ETM50 OR L1_ETM60 OR L1_ETM60_Jet60_dPhi_Min0p4 OR L1_ETM70 OR L1_ETM80 OR L1_ETM90	HIG SUS EXO	is there ETM90? yes, see v5 xml twiki from Takashi			<-- OK
		HLT_PFMET110_PFMHT110_IDTight_v2		0	1	1	1	1	1	1	1	1	1	1		L1_ETM70 OR L1_DoubleJetC60_ETM60 OR L1_ETM60 OR L1_ETM50		CMSHLT-764	L1_ETM50 OR L1_ETM60 OR L1_ETM60_Jet60_dPhi_Min0p4 OR L1_ETM70 OR L1_ETM80 OR L1_ETM90	HIG SUS EXO	is there ETM90? yes, see v5 xml twiki from Takashi			<-- OK
		HLT_PFMET120_BTagCSV_p067_v1		1	1	1	1	1	1	1	1	1	1	1		L1_ETM50 OR L1_ETM60 OR L1_ETM70		CMSHLT-762	L1_ETM50 OR L1_ETM60 OR L1_ETM70 OR L1_ETM80 OR L1_ETM90 OR L1_ETM100		is there ETM90? yes, see v5 xml twiki from Takashi			<-- OK
		HLT_PFMET120_Mu5_v1		1	1	1	1	1	1	1	1	1	1	1		(L1_Mu0er_ETM40 OR L1_Mu0er_ETM55) AND (L1_SingleMuOpen)		yes						
		HLT_PFMET120_PFMHT120_IDTight_v2		1	1	1	1	1	1	1	1	1	1	1		L1_ETM70 OR L1_DoubleJetC60_ETM60 OR L1_ETM60 OR L1_ETM50		CMSHLT-764	L1_ETM50 OR L1_ETM60 OR L1_ETM60_Jet60_dPhi_Min0p4 OR L1_ETM70 OR L1_ETM80 OR L1_ETM90	HIG SUS EXO	is there ETM90? yes, see v5 xml twiki from Takashi			<-- OK
		HLT_PFMET170_HBHECleaned_v2		1	1	1	1	1	1	1	1	1	1	1		L1_ETM60 OR L1_ETM70		CMSHLT-762	L1_ETM50 OR L1_ETM60 OR L1_ETM70 OR L1_ETM80 OR L1_ETM90 OR L1_ETM100		is there ETM90? yes, see v5 xml twiki from Takashi			<-- OK
		HLT_PFMET170_JetIdCleaned_v2		1	1	1	1	1	1	1	1	1	1	1		L1_ETM60 OR L1_ETM70		CMSHLT-762	L1_ETM50 OR L1_ETM60 OR L1_ETM70 OR L1_ETM80 OR L1_ETM90 OR L1_ETM100		is there ETM90? yes, see v5 xml twiki from Takashi			<-- OK
		HLT_PFMET170_NoiseCleaned_v3		1	1	1	1	1	1	1	1	1	1	1		L1_ETM60 OR L1_ETM70		CMSHLT-762	L1_ETM50 OR L1_ETM60 OR L1_ETM70 OR L1_ETM80 OR L1_ETM90 OR L1_ETM100		is there ETM90? yes, see v5 xml twiki from Takashi			<-- OK
		HLT_PFMET170_NotCleaned_v1		1	1	1	1	1	1	1	1	1	1	1		L1_ETM60 OR L1_ETM70		CMSHLT-762	L1_ETM50 OR L1_ETM60 OR L1_ETM70 OR L1_ETM80 OR L1_ETM90 OR L1_ETM100		is there ETM90? yes, see v5 xml twiki from Takashi			<-- OK
		HLT_PFMET300_v1		1	1	1	1	1	1	1	1	1	1	1		L1_ETM60 OR L1_ETM70		No	L1_ETM60 OR L1_ETM70 OR L1_ETM80 OR L1_ETM90 OR L1_ETM100 OR L1_ETM120	EXO	is there ETM90? yes, see v5 xml twiki from Takashi			<-- OK
		HLT_PFMET400_v1		1	1	1	1	1	1	1	1	1	1	1		L1_ETM60 OR L1_ETM70		No	L1_ETM60 OR L1_ETM70 OR L1_ETM80 OR L1_ETM90 OR L1_ETM100 OR L1_ETM120	EXO	is there ETM90? yes, see v5 xml twiki from Takashi			<-- OK
		HLT_PFMET90_PFMHT90_IDTight_v2		0	0	1	1	1	1	1	1	1	1	1		L1_ETM70 OR L1_DoubleJetC60_ETM60 OR L1_ETM60 OR L1_ETM50		CMSHLT-764	L1_ETM50 OR L1_ETM60 OR L1_ETM60_Jet60_dPhi_Min0p4 OR L1_ETM70 OR L1_ETM80 OR L1_ETM90	HIG SUS EXO	is there ETM90? yes, see v5 xml twiki from Takashi			<-- OK
		HLT_PFMETNoMu100_PFMHTNoMu100_IDTight_v1		0	1	1	1	1	1	1	1	1	1	1		L1_ETM70 OR L1_DoubleJetC60_ETM60 OR L1_ETM60 OR L1_ETM50		No	L1_ETM50 OR L1_ETM60 OR L1_ETM60_Jet60_dPhi_Min0p4 OR L1_DoubleJetC60_ETM60 OR L1_ETM70 OR L1_ETM80 OR L1_ETM90 OR L1_ETM100	EXO SUS	is there ETM90? yes, see v5 xml twiki from Takashi			<-- OK
		HLT_PFMETNoMu110_PFMHTNoMu110_IDTight_v1		0	1	1	1	1	1	1	1	1	1	1		L1_ETM70 OR L1_DoubleJetC60_ETM60 OR L1_ETM60 OR L1_ETM50		No	L1_ETM50 OR L1_ETM60 OR L1_ETM60_Jet60_dPhi_Min0p4 OR L1_DoubleJetC60_ETM60 OR L1_ETM70 OR L1_ETM80 OR L1_ETM90 OR L1_ETM100	EXO SUS	is there ETM90? yes, see v5 xml twiki from Takashi			<-- OK
		HLT_PFMETNoMu120_PFMHTNoMu120_IDTight_v1		1	1	1	1	1	1	1	1	1	1	1		L1_ETM70 OR L1_DoubleJetC60_ETM60 OR L1_ETM60 OR L1_ETM50		No	L1_ETM50 OR L1_ETM60 OR L1_ETM60_Jet60_dPhi_Min0p4 OR L1_DoubleJetC60_ETM60 OR L1_ETM70 OR L1_ETM80 OR L1_ETM90 OR L1_ETM100	EXO SUS	is there ETM90? yes, see v5 xml twiki from Takashi			<-- OK
		HLT_PFMETNoMu90_PFMHTNoMu90_IDTight_v1		0	0	1	1	1	1	1	1	1	1	1		L1_ETM70 OR L1_DoubleJetC60_ETM60 OR L1_ETM60 OR L1_ETM50		No	L1_ETM50 OR L1_ETM60 OR L1_ETM60_Jet60_dPhi_Min0p4 OR L1_DoubleJetC60_ETM60 OR L1_ETM70 OR L1_ETM80 OR L1_ETM90 OR L1_ETM100	EXO SUS	is there ETM90? yes, see v5 xml twiki from Takashi			<-- OK
	dataset Tau																							
		HLT_DoubleMediumIsoPFTau35_Trk1_eta2p1_Reg_v2		1	1	1	1	1	1	1	1	1	1	1		L1_DoubleIsoTau32er		no - JIRA soon						
		HLT_DoubleMediumIsoPFTau40_Trk1_eta2p1_Reg_v4		1	1	1	1	1	1	1	1	1	1	1		L1_DoubleIsoTau32er		no - JIRA soon						
		HLT_LooseIsoPFTau50_Trk30_eta2p1_MET120_v1		1	1	1	1	1	1	1	1	1	1	1		L1_ETM50 OR L1_ETM60 OR L1_ETM70		no - JIRA soon						
		HLT_LooseIsoPFTau50_Trk30_eta2p1_MET80_v1		0	1	1	1	1	1	1	1	1	1	1		L1_ETM50 OR L1_ETM60 OR L1_ETM70		no - JIRA soon						
		HLT_LooseIsoPFTau50_Trk30_eta2p1_v3		8	4	4	4	4	1	1	1	1	1	1		L1_QuadJetC36_Tau52		no - JIRA soon						
		HLT_PFTau120_eta2p1_v1		1	1	1	1	1	1	1	1	1	1	1		L1_SingleTau80er OR L1_SingleTau100er		remove for v0						
		HLT_PFTau140_eta2p1_v1		1	1	1	1	1	1	1	1	1	1	1		L1_SingleTau80er OR L1_SingleTau100er OR L1_SingleTau120er		remove for v0						
		HLT_PFTau95_eta2p1_v1		1	1	1	1	1	1	1	1	1	1	1		L1_SingleTau80er		remove for v0						
stream PhysicsMuons																								
	dataset Charmonium																							
		HLT_Dimuon0_Jpsi_Muon_v2		1	1	1	1	1	1	1	1	1	1	1		L1_TripleMu0		yes		BPH				
		HLT_Dimuon0er16_Jpsi_NoOS_NoVertexing_v2		1	50	36	24	14	7	5	3	2	1	1		L1_DoubleMu0er1p6_dEta_Max1p8		yes		BPH				
		HLT_Dimuon0er16_Jpsi_NoVertexing_v2		100	50	35	25	14	7	5	3	2	1	1		L1_DoubleMu0er1p6_dEta_Max1p8_OS		yes		BPH				
		HLT_Dimuon10_Jpsi_Barrel_v2		0	5	3	2	1	1	1	1	1	1	1		L1_DoubleMu0er1p6_dEta_Max1p8		no - CMSHLT-777	L1_DoubleMu0er1p6_dEta_Max1p8_OS	BPH				
		HLT_Dimuon13_PsiPrime_v2		1	1	1	1	1	1	1	1	1	1	1		L1_DoubleMu_10_0_dEta_Max1p8		yes		BPH				
		HLT_Dimuon16_Jpsi_v2		0	1	1	1	1	1	1	1	1	1	1		L1_DoubleMu_10_0_dEta_Max1p8		yes		BPH				
		HLT_Dimuon20_Jpsi_v2		1	1	1	1	1	1	1	1	1	1	1		L1_DoubleMu_10_0_dEta_Max1p8		yes		BPH				
		HLT_Dimuon6_Jpsi_NoVertexing_v2		1	1	1	1	1	1	1	1	1	1	1		L1_DoubleMu0		yes		BPH				
		HLT_Dimuon8_PsiPrime_Barrel_v2		0	1	1	1	1	1	1	1	1	1	1		L1_DoubleMu0er1p6_dEta_Max1p8		no - CMSHLT-777	L1_DoubleMu0er1p6_dEta_Max1p8_OS	BPH				
		HLT_DoubleMu4_3_Bs_v2		1	1	1	1	1	1	1	1	1	1	1		L1_DoubleMu0er1p6_dEta_Max1p8 OR L1_DoubleMu0er1p6_dEta_Max1p8_OS OR L1_DoubleMu_10_0_dEta_Max1p8		no - CMSHLT-777	L1_DoubleMu0er1p6_dEta_Max1p8_OS OR DoubleMu_11_4	BPH				
		HLT_DoubleMu4_3_Jpsi_Displaced_v2		5	2	1	1	1	1	1	1	1	1	1		L1_DoubleMu0er1p6_dEta_Max1p8 OR L1_DoubleMu0er1p6_dEta_Max1p8_OS OR L1_DoubleMu_10_0_dEta_Max1p8		no - CMSHLT-777	L1_DoubleMu0er1p6_dEta_Max1p8_OS OR DoubleMu_11_4	BPH				
		HLT_DoubleMu4_JpsiTrk_Displaced_v2		1	1	1	1	1	1	1	1	1	1	1		L1_DoubleMu0er1p6_dEta_Max1p8 OR L1_DoubleMu0er1p6_dEta_Max1p8_OS OR L1_DoubleMu_10_0_dEta_Max1p8		no - CMSHLT-777	L1_DoubleMu0er1p6_dEta_Max1p8_OS OR DoubleMu_11_4	BPH				
		HLT_DoubleMu4_PsiPrimeTrk_Displaced_v2		1	1	1	1	1	1	1	1	1	1	1		L1_DoubleMu0er1p6_dEta_Max1p8 OR L1_DoubleMu0er1p6_dEta_Max1p8_OS OR L1_DoubleMu_10_0_dEta_Max1p8		no - CMSHLT-777	L1_DoubleMu0er1p6_dEta_Max1p8_OS OR DoubleMu_11_4	BPH				
		HLT_Mu7p5_L2Mu2_Jpsi_v2		1	1	1	1	1	1	1	1	1	1	1		L1_DoubleMu0		yes		BPH				
		HLT_Mu7p5_Track2_Jpsi_v2		1	1	1	1	1	1	1	1	1	1	1		L1_SingleMu5 OR L1_SingleMu7		yes		BPH				
		HLT_Mu7p5_Track3p5_Jpsi_v2		1	1	1	1	1	1	1	1	1	1	1		L1_SingleMu5 OR L1_SingleMu7		yes		BPH				
		HLT_Mu7p5_Track7_Jpsi_v2		1	1	1	1	1	1	1	1	1	1	1		L1_SingleMu5 OR L1_SingleMu7		yes		BPH				
		HLT_QuadMuon0_Dimuon0_Jpsi_v2		1	1	1	1	1	1	1	1	1	1	1		L1_QuadMu0		yes		BPH				
	dataset DoubleMuon																							
		HLT_DoubleMu18NoFiltersNoVtx_v2		120	60	35	25	17	6	5	4	3	1	1		L1_DoubleMu_10_3p5 OR L1_DoubleMu_12_5		no	L1_DoubleMu_11_4 OR L1_DoubleMu_12_5	EXO				
		HLT_DoubleMu23NoFiltersNoVtxDisplaced_v2		1	1	1	1	1	1	1	1	1	1	1		L1_DoubleMu_10_3p5 OR L1_DoubleMu_12_5		no	L1_DoubleMu_11_4 OR L1_DoubleMu_12_5	EXO				
		HLT_DoubleMu28NoFiltersNoVtxDisplaced_v2		1	1	1	1	1	1	1	1	1	1	1		L1_DoubleMu_10_3p5 OR L1_DoubleMu_12_5		no	L1_DoubleMu_11_4 OR L1_DoubleMu_12_5	EXO				
		HLT_DoubleMu33NoFiltersNoVtx_v2		1	1	1	1	1	1	1	1	1	1	1		L1_DoubleMu_10_3p5 OR L1_DoubleMu_12_5		no	L1_DoubleMu_11_4 OR L1_DoubleMu_12_5	EXO				
		HLT_DoubleMu38NoFiltersNoVtx_v2		1	1	1	1	1	1	1	1	1	1	1		L1_DoubleMu_10_3p5 OR L1_DoubleMu_12_5		no	L1_DoubleMu_11_4 OR L1_DoubleMu_12_5	EXO				
		HLT_DoubleMu8_Mass8_PFHT250_v1		1	1	1	1	1	1	1	1	1	1	1		L1_Mu8_HTT150 OR L1_HTT200 OR L1_HTT220 OR L1_HTT255 OR L1_HTT300		CMSHLT-762	L1_Mu8_HTT150 OR L1_HTT160 OR L1_HTT200 OR L1_HTT220 OR L1_HTT240 OR L1_HTT255 OR L1_HTT270 OR L1_HTT280 OR L1_HTT300 OR L1_HTT320					
		HLT_DoubleMu8_Mass8_PFHT300_v4		1	1	1	1	1	1	1	1	1	1	1		L1_Mu8_HTT150 OR L1_HTT200 OR L1_HTT220 OR L1_HTT255 OR L1_HTT300		CMSHLT-762	L1_Mu8_HTT150 OR L1_HTT160 OR L1_HTT200 OR L1_HTT220 OR L1_HTT240 OR L1_HTT255 OR L1_HTT270 OR L1_HTT280 OR L1_HTT300 OR L1_HTT320					
		HLT_L2DoubleMu23_NoVertex_v2		200	100	70	50	28	12	10	6	5	2	1		L1_DoubleMu_10_3p5 OR L1_DoubleMu_12_5		no	L1_DoubleMu_11_4 OR L1_DoubleMu_12_5	EXO				
		HLT_L2DoubleMu28_NoVertex_2Cha_Angle2p5_Mass10_v2		1	1	1	1	1	1	1	1	1	1	1		L1_DoubleMu_10_3p5 OR L1_DoubleMu_12_5		no	L1_DoubleMu_11_4 OR L1_DoubleMu_12_5	EXO				
		HLT_L2DoubleMu38_NoVertex_2Cha_Angle2p5_Mass10_v2		1	1	1	1	1	1	1	1	1	1	1		L1_DoubleMu_10_3p5 OR L1_DoubleMu_12_5		no	L1_DoubleMu_11_4 OR L1_DoubleMu_12_5	EXO				
		HLT_Mu10_CentralPFJet30_BTagCSV_p13_v1		45	22	22	22	22	3	2	1	1	1	1		L1_Jet32_DoubleMuOpen_Mu10_dPhi_Jet_Mu0_Max0p4_dPhi_Mu_Mu_Min1p0		yes						
		HLT_Mu17_Mu8_DZ_v2		50	50	35	25	15	7	5	3	2	1	1		L1_DoubleMu_10_3p5 OR L1_DoubleMu_12_5		no,  CMSHLT-763 	L1_DoubleMu_11_4 OR L1_DoubleMu_12_5					
		HLT_Mu17_Mu8_SameSign_DZ_v1		1	1	1	1	1	1	1	1	1	1	1		L1_DoubleMu_10_3p5 OR L1_DoubleMu_12_5		CMSHLT-764	L1_DoubleMu_11_4 OR L1_DoubleMu_12_5					
		HLT_Mu17_Mu8_v1		50	50	35	25	14	6	5	3	2	1	1		L1_DoubleMu_10_3p5 OR L1_DoubleMu_12_5		no,  CMSHLT-763 	L1_DoubleMu_11_4 OR L1_DoubleMu_12_5					
		HLT_Mu17_TkMu8_DZ_v2		50	50	35	25	15	7	5	3	2	1	1		L1_DoubleMu_10_3p5 OR L1_DoubleMu_12_5		no,  CMSHLT-763 	L1_DoubleMu_11_4 OR L1_DoubleMu_12_5					
		HLT_Mu17_TrkIsoVVL_Mu8_TrkIsoVVL_DZ_v2		1	1	1	1	1	1	1	1	1	1	1		L1_DoubleMu_10_3p5 OR L1_DoubleMu_12_5		no,  CMSHLT-763 	L1_DoubleMu_11_4 OR L1_DoubleMu_12_5					
		HLT_Mu17_TrkIsoVVL_Mu8_TrkIsoVVL_v2		50	1	1	1	1	1	1	1	1	1	1		L1_DoubleMu_10_3p5 OR L1_DoubleMu_12_5		no,  CMSHLT-763 	L1_DoubleMu_11_4 OR L1_DoubleMu_12_5   -   HLT prescale should be 1 at 1e34 and emerg. 					
		HLT_Mu17_TrkIsoVVL_TkMu8_TrkIsoVVL_DZ_v2		1	1	1	1	1	1	1	1	1	1	1		L1_DoubleMu_10_3p5 OR L1_DoubleMu_12_5		no,  CMSHLT-763 	L1_DoubleMu_11_4 OR L1_DoubleMu_12_5					
		HLT_Mu17_TrkIsoVVL_TkMu8_TrkIsoVVL_v2		50	1	1	1	1	1	1	1	1	1	1		L1_DoubleMu_10_3p5 OR L1_DoubleMu_12_5		no,  CMSHLT-763 	L1_DoubleMu_11_4 OR L1_DoubleMu_12_5    -   HLT prescale should be 1 at 1e34 and emerg. 					
		HLT_Mu17_TrkIsoVVL_v2		40	7	1	1	1	1	1	1	1	1	1		L1_SingleMu12		no,  CMSHLT-763 	L1_SingleMu10_LowQ					
		HLT_Mu17_v2		1300	1300	1	1	1	1	1	1	1	1	1		L1_SingleMu12		no,  CMSHLT-763 	L1_SingleMu10_LowQ					
		HLT_Mu20_Mu10_DZ_v1		25	25	14	10	7	3	2	1	1	1	1		L1_DoubleMu_10_3p5 OR L1_DoubleMu_12_5		CMSHLT-764	L1_DoubleMu_11_4 OR L1_DoubleMu_12_5					
		HLT_Mu20_Mu10_SameSign_DZ_v1		1	1	1	1	1	1	1	1	1	1	1		L1_DoubleMu_10_3p5 OR L1_DoubleMu_12_5		CMSHLT-764	L1_DoubleMu_11_4 OR L1_DoubleMu_12_5					
		HLT_Mu20_Mu10_v1		25	25	14	10	7	3	2	1	1	1	1		L1_DoubleMu_10_3p5 OR L1_DoubleMu_12_5		CMSHLT-764	L1_DoubleMu_11_4 OR L1_DoubleMu_12_5					
		HLT_Mu27_TkMu8_v2		50	1	1	1	1	1	1	1	1	1	1		L1_SingleMu16 OR L1_SingleMu25		No 	 L1_SingleMu20 OR L1_SingleMu22 OR L1_DoubleMu_11_4 	EXO				
		HLT_Mu30_TkMu11_v2		1	1	1	1	1	1	1	1	1	1	1		L1_SingleMu16 OR L1_SingleMu25		No	 L1_SingleMu20 OR L1_SingleMu22 OR L1_DoubleMu_11_4 	EXO				
		HLT_Mu40_TkMu11_v2		1	1	1	1	1	1	1	1	1	1	1		L1_SingleMu16 OR L1_SingleMu25		No	 L1_SingleMu20 OR L1_SingleMu22 OR L1_DoubleMu_11_4 	EXO				
		HLT_Mu8_TrkIsoVVL_v3		30	40	30	30	30	30	40	55	55	55	55		L1_SingleMu5 OR L1_SingleMu7		CMSHLT-764	L1_SingleMu3 OR L1_SingleMu5 OR L1_SingleMu7					
		HLT_Mu8_v3		60	80	60	60	60	60	80	110	110	110	110		L1_SingleMu5 OR L1_SingleMu7		CMSHLT-764	L1_SingleMu3 OR L1_SingleMu5 OR L1_SingleMu7					
		HLT_TripleMu_12_10_5_v2		1	1	1	1	1	1	1	1	1	1	1		L1_TripleMu_5_5_3		CMSHLT-764	L1_TripleMu0 OR L1_TripleMu_5_5_3					
		HLT_TrkMu15_DoubleTrkMu5NoFiltersNoVtx_v2		1	1	1	1	1	1	1	1	1	1	1		L1_DoubleMu_10_3p5 OR L1_DoubleMu_12_5		no	L1_DoubleMu_11_4 OR L1_DoubleMu_12_5	EXO				
		HLT_TrkMu17_DoubleTrkMu8NoFiltersNoVtx_v2		1	1	1	1	1	1	1	1	1	1	1		L1_DoubleMu_10_3p5 OR L1_DoubleMu_12_5		no	L1_DoubleMu_11_4 OR L1_DoubleMu_12_5	EXO				
	dataset DoubleMuonLowMass																							
		HLT_DoubleMu4_LowMassNonResonantTrk_Displaced_v2		1	1	1	1	1	1	1	1	1	1	1		L1_DoubleMu0er1p6_dEta_Max1p8 OR L1_DoubleMu0er1p6_dEta_Max1p8_OS OR L1_DoubleMu_10_0_dEta_Max1p8		no - CMSHLT-777	L1_DoubleMu0er1p6_dEta_Max1p8_OS OR DoubleMu_11_4	BPH				
	dataset MuOnia																							
		HLT_Dimuon0_Phi_Barrel_v2		0	1	1	1	1	1	1	1	1	1	1		L1_DoubleMu0er1p6_dEta_Max1p8		no - CMSHLT-777	L1_DoubleMu0er1p6_dEta_Max1p8_OS	BPH				
		HLT_Dimuon0_Upsilon_Muon_v2		1	1	1	1	1	1	1	1	1	1	1		L1_TripleMu0		yes		BPH				
		HLT_Dimuon13_Upsilon_v2		1	1	1	1	1	1	1	1	1	1	1		L1_DoubleMu_10_0_dEta_Max1p8		yes		BPH				
		HLT_Dimuon8_Upsilon_Barrel_v2		0	2	1	1	1	1	1	1	1	1	1		L1_DoubleMu0er1p6_dEta_Max1p8		no - CMSHLT-777	L1_DoubleMu0er1p6_dEta_Max1p8_OS	BPH				
		HLT_Mu16_TkMu0_dEta18_Onia_v2		0	1	1	1	1	1	1	1	1	1	1		L1_SingleMu14er OR L1_SingleMu16		yes		BPH				
		HLT_Mu16_TkMu0_dEta18_Phi_v2		0	1	1	1	1	1	1	1	1	1	1		L1_SingleMu14er OR L1_SingleMu16		yes		BPH				
		HLT_Mu25_TkMu0_dEta18_Onia_v2		1	1	1	1	1	1	1	1	1	1	1		L1_SingleMu16 OR L1_SingleMu20er OR L1_SingleMu25		no, CMSHLT-768	L1_SingleMu20 OR L1_SingleMu22 OR L1_SingleMu25 OR L1_SingleMu20er	BPH				
		HLT_Mu7p5_L2Mu2_Upsilon_v2		1	1	1	1	1	1	1	1	1	1	1		L1_DoubleMu0		yes		BPH				
		HLT_Mu7p5_Track2_Upsilon_v2		1	1	1	1	1	1	1	1	1	1	1		L1_SingleMu5 OR L1_SingleMu7		yes		BPH				
		HLT_Mu7p5_Track3p5_Upsilon_v2		1	1	1	1	1	1	1	1	1	1	1		L1_SingleMu5 OR L1_SingleMu7		yes		BPH				
		HLT_Mu7p5_Track7_Upsilon_v2		1	1	1	1	1	1	1	1	1	1	1		L1_SingleMu5 OR L1_SingleMu7		yes		BPH				
		HLT_QuadMuon0_Dimuon0_Upsilon_v2		1	1	1	1	1	1	1	1	1	1	1		L1_QuadMu0		yes		BPH				
	dataset MuonEG																							
		HLT_DiMu9_Ele9_CaloIdL_TrackIdL_v3		1	1	1	1	1	1	1	1	1	1	1		L1_DoubleMu7_EG7		yes						
		HLT_Mu12_Photon25_CaloIdL_L1ISO_v3		1000	500	350	250	140	70	50	35	25	14	7		L1_Mu5_IsoEG18		yes						
		HLT_Mu12_Photon25_CaloIdL_L1OR_v3		20	10	7	5	2	1	1	1	1	1	1		L1_Mu5_EG20 OR L1_Mu20_EG10		CMSHLT-764	L1_Mu5_EG20 OR L1_Mu20_EG15					
		HLT_Mu12_Photon25_CaloIdL_v3		10000	5000	3500	2500	1400	700	500	350	250	140	70		L1_Mu5_EG20 OR L1_Mu20_EG10		CMSHLT-764	L1_Mu5_EG20 OR L1_Mu20_EG15					
		HLT_Mu17_Photon22_CaloIdL_L1ISO_v1		1	1	1	1	1	1	1	1	1	1	1		L1_Mu5_IsoEG18		yes						
		HLT_Mu17_Photon30_CaloIdL_L1ISO_v3		1	1	1	1	1	1	1	1	1	1	1		L1_Mu5_IsoEG18		yes						
		HLT_Mu17_Photon35_CaloIdL_L1ISO_v3		1	1	1	1	1	1	1	1	1	1	1		L1_Mu5_IsoEG18		yes						
		HLT_Mu17_TrkIsoVVL_Ele12_CaloIdL_TrackIdL_IsoVL_v3		0	1	1	1	1	1	1	1	1	1	1		L1_Mu12_EG10		yes						
		HLT_Mu23NoFiltersNoVtx_Photon23_CaloIdL_v2		40	20	14	10	5	2	2	1	1	1	1		L1_Mu5_EG20		no	L1_Mu5_EG20 OR L1_Mu20_EG15	EXO				
		HLT_Mu23_TrkIsoVVL_Ele12_CaloIdL_TrackIdL_IsoVL_v3		1	1	1	1	1	1	1	1	1	1	1		L1_Mu20_EG10		yes?		Should'nt we OR L1_SingleMu20er OR L1_SingleMu22	HIG: no	L1_SingleMu20er OR L1_SingleMu22 OR L1_Mu20_EG15		
		HLT_Mu23_TrkIsoVVL_Ele8_CaloIdL_TrackIdL_IsoVL_v1		1	1	1	1	1	1	1	1	1	1	1		(L1_SingleMu20) AND (L1_SingleEG5)		CMSHLT-762	(L1_SingleMu20 OR L1_SingleMu22 OR L1_SingleMu25 OR L1_SingleMu20er) AND (L1_SingleEG5)	EXO	HIG: no	L1_SingleMu20er OR L1_SingleMu22 OR L1_Mu20_EG15		
		HLT_Mu28NoFiltersNoVtxDisplaced_Photon28_CaloIdL_v2		1	1	1	1	1	1	1	1	1	1	1		L1_Mu5_EG20		no	L1_Mu5_EG20 OR L1_Mu20_EG15	EXO				
		HLT_Mu30_Ele30_CaloIdL_GsfTrkIdVL_v3		1	1	1	1	1	1	1	1	1	1	1		L1_SingleMu16 OR L1_SingleMu25		no	L1_Mu20_EG15 OR L1_Mu5_EG20 OR  OR L1_SingleMu25 OR L1_SingleMu22	EXO				
		HLT_Mu33NoFiltersNoVtxDisplaced_Photon33_CaloIdL_v2		1	1	1	1	1	1	1	1	1	1	1		L1_Mu5_EG20		no	L1_Mu5_EG20 OR L1_Mu20_EG15	EXO				
		HLT_Mu38NoFiltersNoVtx_Photon38_CaloIdL_v2		1	1	1	1	1	1	1	1	1	1	1		L1_Mu5_EG20		no	L1_Mu5_EG20 OR L1_Mu20_EG15	EXO				
		HLT_Mu42NoFiltersNoVtx_Photon42_CaloIdL_v2		1	1	1	1	1	1	1	1	1	1	1		L1_Mu5_EG20		no	L1_Mu5_EG20 OR L1_Mu20_EG15	EXO				
		HLT_Mu8_DiEle12_CaloIdL_TrackIdL_v3		1	1	1	1	1	1	1	1	1	1	1		L1_Mu6_DoubleEG10		yes						
		HLT_Mu8_Ele8_CaloIdM_TrackIdM_Mass8_PFHT250_v1		0	1	1	1	1	1	1	1	1	1	1		L1_Mu8_HTT150 OR L1_HTT200 OR L1_HTT220 OR L1_HTT255 OR L1_HTT300		CMSHLT-762	L1_Mu8_HTT150 OR L1_HTT160 OR L1_HTT200 OR L1_HTT220 OR L1_HTT240 OR L1_HTT255 OR L1_HTT270 OR L1_HTT280 OR L1_HTT300 OR L1_HTT320					
		HLT_Mu8_Ele8_CaloIdM_TrackIdM_Mass8_PFHT300_v4		1	1	1	1	1	1	1	1	1	1	1		L1_Mu8_HTT150 OR L1_HTT200 OR L1_HTT220 OR L1_HTT255 OR L1_HTT300		CMSHLT-762	L1_Mu8_HTT150 OR L1_HTT160 OR L1_HTT200 OR L1_HTT220 OR L1_HTT240 OR L1_HTT255 OR L1_HTT270 OR L1_HTT280 OR L1_HTT300 OR L1_HTT320					
		HLT_Mu8_TrkIsoVVL_Ele17_CaloIdL_TrackIdL_IsoVL_v3		0	1	1	1	1	1	1	1	1	1	1		L1_Mu5_EG15		yes						
		HLT_Mu8_TrkIsoVVL_Ele23_CaloIdL_TrackIdL_IsoVL_v3		1	1	1	1	1	1	1	1	1	1	1		L1_Mu5_EG20		CMSHLT-771	L1_Mu5_EG20 OR L1_Mu5_IsoEG18 	Shouldn't we OR L1_Mu5_IsoEG18 too?		Yes		
	dataset SingleMuon																							
		HLT_DoubleIsoMu17_eta2p1_v3		1	1	1	1	1	1	1	1	1	1	1		L1_DoubleMu_12_5								
		HLT_IsoMu16_eta2p1_MET30_LooseIsoPFTau50_Trk30_eta2p1_v1		1	1	1	1	1	1	1	1	1	1	1		L1_Mu10er_ETM30 OR L1_Mu14er_ETM30		no - JIRA soon						
		HLT_IsoMu16_eta2p1_MET30_v1		1	1	1	1	1	1	1	1	1	1	1		L1_Mu10er_ETM30 OR L1_Mu14er_ETM30		no - JIRA soon						
		HLT_IsoMu17_eta2p1_LooseIsoPFTau20_SingleL1_v4		1	1	1	1	1	1	1	1	1	1	1		L1_SingleMu16er		no - JIRA soon						
		HLT_IsoMu17_eta2p1_LooseIsoPFTau20_v4		1	1	1	1	1	1	1	1	1	1	1		L1_Mu16er_Tau20er		no - JIRA soon						
		HLT_IsoMu17_eta2p1_MediumIsoPFTau35_Trk1_eta2p1_Reg_v3		1	1	1	1	1	1	1	1	1	1	1		L1_Mu18er_IsoTau26er		no - JIRA soon						
		HLT_IsoMu17_eta2p1_MediumIsoPFTau40_Trk1_eta2p1_Reg_v5		1	1	1	1	1	1	1	1	1	1	1		L1_Mu18er_IsoTau26er		no - JIRA soon						
		HLT_IsoMu17_eta2p1_v3		1	110	80	55	30	15	10	7	5	3	1		L1_SingleMu16er								
		HLT_IsoMu18_CentralPFJet30_BTagCSV_p063_v1		0	1	1	1	1	1	1	1	1	1	1		L1_SingleMu16		CMSHLT-769	To be removed					
		HLT_IsoMu18_TriCentralPFJet50_40_30_v2		0	1	1	1	1	1	1	1	1	1	1		L1_SingleMu16		CMSHLT-769	To be removed					
		HLT_IsoMu18_v2		0	1	1	1	1	1	1	1	1	1	1		L1_SingleMu16		yes						
		HLT_IsoMu20_eta2p1_LooseIsoPFTau20_v3		1	1	1	1	1	1	1	1	1	1	1		L1_SingleMu16er		no - JIRA soon						
		HLT_IsoMu20_v3		0	1	1	1	1	1	1	1	1	1	1		L1_SingleMu16		CMSHLT-774	L1_SingleMu18					
		HLT_IsoMu22_CentralPFJet30_BTagCSV_p063_v1		1	1	1	1	1	1	1	1	1	1	1		L1_SingleMu20		CMSHLT-769	To be removed					
		HLT_IsoMu22_TriCentralPFJet50_40_30_v2		1	1	1	1	1	1	1	1	1	1	1		L1_SingleMu20		CMSHLT-769	To be removed					
		HLT_IsoMu22_v2		1	1	1	1	1	1	1	1	1	1	1		L1_SingleMu20		yes						
		HLT_IsoMu27_v3		1	1	1	1	1	1	1	1	1	1	1		L1_SingleMu25		CMSHLT-774	L1_SingleMu22 OR L1_SingleMu25					
		HLT_IsoTkMu18_v2		0	1	1	1	1	1	1	1	1	1	1		L1_SingleMu16		yes						
		HLT_IsoTkMu20_v4		0	1	1	1	1	1	1	1	1	1	1		L1_SingleMu16		CMSHLT-774	L1_SingleMu18					
		HLT_IsoTkMu22_v2		1	1	1	1	1	1	1	1	1	1	1		L1_SingleMu20		yes						
		HLT_IsoTkMu27_v3		1	1	1	1	1	1	1	1	1	1	1		L1_SingleMu25		CMSHLT-774	L1_SingleMu22 OR L1_SingleMu25					
		HLT_L1SingleMu16_v1		80000	40000	5000	3500	2000	1000	700	500	350	200	100		L1_SingleMu16		yes						
		HLT_L1SingleMuOpen_v2		0	0	0	0	0	0	0	0	0	0	0		L1_SingleMuOpen		yes						
		HLT_L2Mu10_v1		20000	10000	500	350	200	100	70	50	35	20	10		L1_SingleMu16		no	L1_SingleMu22					
		HLT_Mu10_TrkIsoVVL_DiPFJet40_DEta3p5_MJJ750_HTT350_PFMETNoMu60_v1		1	1	1	1	1	1	1	1	1	1	1		L1_Mu6_HTT200		yes						
		HLT_Mu15_IsoVVVL_BTagCSV_p067_PFHT400_v1		10	5	3	2	1	1	1	1	1	1	1		(L1_HTT200 OR L1_HTT220 OR L1_HTT255 OR L1_HTT300) AND (L1_SingleMuOpen)		CMSHLT-762	(L1_HTT200 OR L1_HTT220 OR L1_HTT240 OR L1_HTT255 OR L1_HTT270 OR L1_HTT280 OR L1_HTT300 OR L1_HTT320) AND (L1_SingleMuOpen)					
		HLT_Mu15_IsoVVVL_PFHT350_PFMET50_v2		1	1	1	1	1	1	1	1	1	1	1		(L1_HTT200 OR L1_HTT220 OR L1_HTT255 OR L1_HTT300) AND (L1_SingleMuOpen)		CMSHLT-762	(L1_HTT200 OR L1_HTT220 OR L1_HTT240 OR L1_HTT255 OR L1_HTT270 OR L1_HTT280 OR L1_HTT300 OR L1_HTT320) AND (L1_SingleMuOpen)					
		HLT_Mu15_IsoVVVL_PFHT350_v2		10	1	1	1	1	1	1	1	1	1	1		(L1_HTT200 OR L1_HTT220 OR L1_HTT255 OR L1_HTT300) AND (L1_SingleMuOpen)		CMSHLT-762	(L1_HTT200 OR L1_HTT220 OR L1_HTT240 OR L1_HTT255 OR L1_HTT270 OR L1_HTT280 OR L1_HTT300 OR L1_HTT320) AND (L1_SingleMuOpen)					
		HLT_Mu15_IsoVVVL_PFHT600_v3		1	1	1	1	1	1	1	1	1	1	1		(L1_HTT200 OR L1_HTT220 OR L1_HTT255 OR L1_HTT300) AND (L1_SingleMuOpen)		CMSHLT-762	(L1_HTT200 OR L1_HTT220 OR L1_HTT240 OR L1_HTT255 OR L1_HTT270 OR L1_HTT280 OR L1_HTT300 OR L1_HTT320) AND (L1_SingleMuOpen)					
		HLT_Mu16_eta2p1_MET30_v1		220	110	80	60	30	15	10	7	5	3	1		L1_Mu14er_ETM30								
		HLT_Mu20_v2		0	90	60	40	20	10	8	6	4	2	1		L1_SingleMu16		CMSHLT-774	L1_SingleMu18					
		HLT_Mu24_eta2p1_v2		700	350	250	150	100	50	35	25	15	10	5		L1_SingleMu20er		CMSHLT-774	L1_SingleMu20er OR L1_SingleMu22					
		HLT_Mu27_v2		500	250	180	120	70	35	25	18	12	7	3		L1_SingleMu25		CMSHLT-774	L1_SingleMu22 OR L1_SingleMu25					
		HLT_Mu28NoFiltersNoVtx_CentralCaloJet40_v2		600	300	200	140	80	40	35	20	15	8	4		L1_SingleMu16 OR L1_SingleMu25		no	L1_SingleMu22 OR L1_SingleMu25	EXO				
		HLT_Mu28NoFiltersNoVtx_DisplacedJet40_Loose_v2		140	70	50	35	20	10	7	5	3	2	1		L1_SingleMu16 OR L1_SingleMu25		 no	L1_SingleMu22 OR L1_SingleMu25	EXO				
		HLT_Mu300_v1		1	1	1	1	1	1	1	1	1	1	1		L1_SingleMu16 OR L1_SingleMu25		No	L1_SingleMu22 OR L1_SingleMu25 OR L1_SingleMu30	EXO Hotline				
		HLT_Mu30_eta2p1_PFJet150_PFJet50_v1		1	1	1	1	1	1	1	1	1	1	1		L1_SingleMu16er OR L1_SingleMu20er		yes						
		HLT_Mu33NoFiltersNoVtxDisplaced_DisplacedJet50_Loose_v2		1	1	1	1	1	1	1	1	1	1	1		L1_SingleMu16 OR L1_SingleMu25		no	L1_SingleMu22 OR L1_SingleMu25	EXO				
		HLT_Mu33NoFiltersNoVtxDisplaced_DisplacedJet50_Tight_v2		1	1	1	1	1	1	1	1	1	1	1		L1_SingleMu16 OR L1_SingleMu25		no	L1_SingleMu22 OR L1_SingleMu25	EXO				
		HLT_Mu350_v1		1	1	1	1	1	1	1	1	1	1	1		L1_SingleMu16 OR L1_SingleMu25								
		HLT_Mu38NoFiltersNoVtxDisplaced_DisplacedJet60_Loose_v2		1	1	1	1	1	1	1	1	1	1	1		L1_SingleMu16 OR L1_SingleMu25		no	L1_SingleMu22 OR L1_SingleMu25	EXO				
		HLT_Mu38NoFiltersNoVtxDisplaced_DisplacedJet60_Tight_v2		1	1	1	1	1	1	1	1	1	1	1		L1_SingleMu16 OR L1_SingleMu25		no	L1_SingleMu22 OR L1_SingleMu25	EXO				
		HLT_Mu38NoFiltersNoVtx_DisplacedJet60_Loose_v2		1	1	1	1	1	1	1	1	1	1	1		L1_SingleMu16 OR L1_SingleMu25		no	L1_SingleMu22 OR L1_SingleMu25	EXO				
		HLT_Mu40_eta2p1_PFJet200_PFJet50_v3		1	1	1	1	1	1	1	1	1	1	1		L1_SingleMu16er OR L1_SingleMu20er		yes						
		HLT_Mu45_eta2p1_v2		1	1	1	1	1	1	1	1	1	1	1		L1_SingleMu16 OR L1_SingleMu25		CMSHLT-774	L1_SingleMu22 OR L1_SingleMu25					
		HLT_Mu50_v2		1	1	1	1	1	1	1	1	1	1	1		L1_SingleMu16 OR L1_SingleMu25		CMSHLT-774	L1_SingleMu22 OR L1_SingleMu25					
		HLT_Mu55_v1		1	1	1	1	1	1	1	1	1	1	1		L1_SingleMu16 OR L1_SingleMu25		CMSHLT-774	L1_SingleMu22 OR L1_SingleMu25					
		HLT_TkMu20_v2		0	450	300	200	100	50	40	30	20	10	5		L1_SingleMu16		CMSHLT-774	L1_SingleMu18					
		HLT_TkMu24_eta2p1_v2		700	350	250	170	100	50	35	25	17	10	5		L1_SingleMu20er		CMSHLT-774	L1_SingleMu20er OR L1_SingleMu22					
		HLT_TkMu27_v2		500	250	180	120	70	35	25	18	12	7	3		L1_SingleMu25		CMSHLT-774	L1_SingleMu22 OR L1_SingleMu25					
stream PhysicsParkingScoutingMonitor																								
	dataset ParkingScoutingMonitor																							
		DST_CaloJet40_BTagScouting_v1		100	100	100	100	100	100	100	100	100	100	100		L1_ZeroBias		Yes		EXO				
		DST_CaloJet40_CaloScouting_PFScouting_v1		100	100	100	100	100	100	100	100	100	100	100		L1_ZeroBias		Yes		EXO				
		DST_DoubleMu3_Mass10_BTagScouting_v1		30	30	30	30	30	30	30	30	30	30	30		L1_DoubleMu_10_3p5 OR L1_DoubleMu_12_5		No	L1_DoubleMu_11_4 OR L1_DoubleMu_12_5	EXO				
		DST_DoubleMu3_Mass10_PFScouting_v1		30	30	30	30	30	30	30	30	30	30	30		L1_DoubleMu_10_3p5 OR L1_DoubleMu_12_5		No	L1_DoubleMu_11_4 OR L1_DoubleMu_12_5	EXO				
		DST_HT250_CaloScouting_v2		1000	1000	1000	1000	1000	1000	1000	1000	1000	1000	1000		L1_HTT220 OR L1_HTT255 OR L1_HTT280 OR L1_HTT300		No	L1_HTT200 OR L1_HTT240 OR L1_HTT270 OR L1_HTT280 OR L1_HTT300 OR L1_HTT320	EXO				
		DST_HT410_BTagScouting_v1		50	50	50	50	50	50	50	50	50	50	50		L1_HTT220 OR L1_HTT255 OR L1_HTT280 OR L1_HTT300		No	L1_HTT200 OR L1_HTT240 OR L1_HTT270 OR L1_HTT280 OR L1_HTT300 OR L1_HTT320	EXO				
		DST_HT410_PFScouting_v1		50	50	50	50	50	50	50	50	50	50	50		L1_HTT220 OR L1_HTT255 OR L1_HTT280 OR L1_HTT300		No	L1_HTT200 OR L1_HTT240 OR L1_HTT270 OR L1_HTT280 OR L1_HTT300 OR L1_HTT320	EXO				
		DST_HT450_BTagScouting_v1		50	50	50	50	50	50	50	50	50	50	50		L1_HTT220 OR L1_HTT255 OR L1_HTT280 OR L1_HTT300		No	L1_HTT200 OR L1_HTT240 OR L1_HTT270 OR L1_HTT280 OR L1_HTT300 OR L1_HTT320	EXO				
		DST_HT450_PFScouting_v1		50	50	50	50	50	50	50	50	50	50	50		L1_HTT220 OR L1_HTT255 OR L1_HTT280 OR L1_HTT300		No	L1_HTT200 OR L1_HTT240 OR L1_HTT270 OR L1_HTT280 OR L1_HTT300 OR L1_HTT320	EXO				
		DST_L1DoubleMu_BTagScouting_v1		500	500	500	500	500	500	500	500	500	500	500		L1_DoubleMu_10_3p5 OR L1_DoubleMu_12_5		No	L1_DoubleMu_11_4 OR L1_DoubleMu_12_5	EXO				
		DST_L1DoubleMu_PFScouting_v1		500	500	500	500	500	500	500	500	500	500	500		L1_DoubleMu_10_3p5 OR L1_DoubleMu_12_5		No	L1_DoubleMu_11_4 OR L1_DoubleMu_12_5	EXO				
		DST_L1HTT_BTagScouting_v1		10000	10000	10000	10000	10000	10000	10000	10000	10000	10000	10000		L1_HTT220 OR L1_HTT255 OR L1_HTT280 OR L1_HTT300		No	L1_HTT200 OR L1_HTT240 OR L1_HTT270 OR L1_HTT280 OR L1_HTT300 OR L1_HTT320	EXO				
		DST_L1HTT_CaloScouting_PFScouting_v1		10000	10000	10000	10000	10000	10000	10000	10000	10000	10000	10000		L1_HTT220 OR L1_HTT255 OR L1_HTT280 OR L1_HTT300		No	L1_HTT200 OR L1_HTT240 OR L1_HTT270 OR L1_HTT280 OR L1_HTT300 OR L1_HTT320	EXO				
		DST_ZeroBias_BTagScouting_v1		2000	2000	2000	2000	2000	2000	2000	2000	2000	2000	2000		L1_ZeroBias		Yes		EXO				
		DST_ZeroBias_PFScouting_v1		2000	2000	2000	2000	2000	2000	2000	2000	2000	2000	2000		L1_ZeroBias		Yes		EXO				
		HLT_HT410to430_v1		50	50	50	50	50	50	50	50	50	50	50		L1_HTT220 OR L1_HTT255 OR L1_HTT280 OR L1_HTT300		No	L1_HTT200 OR L1_HTT240 OR L1_HTT270 OR L1_HTT280 OR L1_HTT300 OR L1_HTT320	EXO				
		HLT_HT430to450_v1		50	50	50	50	50	50	50	50	50	50	50		L1_HTT220 OR L1_HTT255 OR L1_HTT280 OR L1_HTT300		No	L1_HTT200 OR L1_HTT240 OR L1_HTT270 OR L1_HTT280 OR L1_HTT300 OR L1_HTT320	EXO				
		HLT_HT450to470_v1		50	50	50	50	50	50	50	50	50	50	50		L1_HTT220 OR L1_HTT255 OR L1_HTT280 OR L1_HTT300		No	L1_HTT200 OR L1_HTT240 OR L1_HTT270 OR L1_HTT280 OR L1_HTT300 OR L1_HTT320	EXO				
		HLT_HT470to500_v1		50	50	50	50	50	50	50	50	50	50	50		L1_HTT220 OR L1_HTT255 OR L1_HTT280 OR L1_HTT300		No	L1_HTT200 OR L1_HTT240 OR L1_HTT270 OR L1_HTT280 OR L1_HTT300 OR L1_HTT320	EXO				
		HLT_HT500to550_v1		50	50	50	50	50	50	50	50	50	50	50		L1_HTT220 OR L1_HTT255 OR L1_HTT280 OR L1_HTT300		No	L1_HTT200 OR L1_HTT240 OR L1_HTT270 OR L1_HTT280 OR L1_HTT300 OR L1_HTT320	EXO				
		HLT_HT550to650_v1		50	50	50	50	50	50	50	50	50	50	50		L1_HTT220 OR L1_HTT255 OR L1_HTT280 OR L1_HTT300		No	L1_HTT200 OR L1_HTT240 OR L1_HTT270 OR L1_HTT280 OR L1_HTT300 OR L1_HTT320	EXO				
		HLT_HT650_v2		50	50	50	50	50	50	50	50	50	50	50		L1_HTT220 OR L1_HTT255 OR L1_HTT280 OR L1_HTT300		No	L1_HTT200 OR L1_HTT240 OR L1_HTT270 OR L1_HTT280 OR L1_HTT300 OR L1_HTT320	EXO				
stream RPCMON																								
	dataset RPCMonitor																							
		AlCa_RPCMuonNoHits_v2		1	1	1	1	1	1	1	1	1	1	1		L1_SingleMu5 OR L1_SingleMu14er OR L1_SingleMu16er OR L1_SingleMu20er		No, will add JIRA	Add L1_SingleMu18er in OR	AlCa				
		AlCa_RPCMuonNoTriggers_v2		1	1	1	1	1	1	1	1	1	1	1		L1_SingleMu5 OR L1_SingleMu14er OR L1_SingleMu16er OR L1_SingleMu20er		No, will add JIRA	Add L1_SingleMu18er in OR	AlCa				
		AlCa_RPCMuonNormalisation_v2		1	1	1	1	1	1	1	1	1	1	1		L1_SingleMu5 OR L1_SingleMu14er OR L1_SingleMu16er OR L1_SingleMu20er		No, will add JIRA	Add L1_SingleMu18er in OR	AlCa				
stream ScoutingCalo																								
	dataset ScoutingCaloCommissioning																							
		DST_CaloJet40_CaloScouting_PFScouting_v1		10	10	10	10	10	10	10	10	10	10	10		L1_ZeroBias		Yes		EXO				
		DST_L1HTT_CaloScouting_PFScouting_v1		1000	1000	1000	1000	1000	1000	1000	1000	1000	1000	1000		L1_HTT220 OR L1_HTT255 OR L1_HTT280 OR L1_HTT300		No	L1_HTT200 OR L1_HTT240 OR L1_HTT270 OR L1_HTT280 OR L1_HTT300 OR L1_HTT320	EXO				
	dataset ScoutingCaloHT																							
		DST_HT250_CaloScouting_v2		1	1	1	1	1	1	1	1	1	1	1		L1_HTT220 OR L1_HTT255 OR L1_HTT280 OR L1_HTT300		No	L1_HTT200 OR L1_HTT240 OR L1_HTT270 OR L1_HTT280 OR L1_HTT300 OR L1_HTT320	EXO				
stream ScoutingPF																								
	dataset ScoutingPFCommissioning																							
		DST_CaloJet40_BTagScouting_v1		10	10	10	10	10	10	10	10	10	10	10		L1_ZeroBias		Yes		EXO				
		DST_CaloJet40_CaloScouting_PFScouting_v1		10	10	10	10	10	10	10	10	10	10	10		L1_ZeroBias		Yes		EXO				
		DST_L1DoubleMu_BTagScouting_v1		50	50	50	50	50	50	50	50	50	50	50		L1_DoubleMu_10_3p5 OR L1_DoubleMu_12_5		No	L1_DoubleMu_11_4 OR L1_DoubleMu_12_5	EXO				
		DST_L1DoubleMu_PFScouting_v1		50	50	50	50	50	50	50	50	50	50	50		L1_DoubleMu_10_3p5 OR L1_DoubleMu_12_5		No	L1_DoubleMu_11_4 OR L1_DoubleMu_12_5	EXO				
		DST_L1HTT_BTagScouting_v1		1000	1000	1000	1000	1000	1000	1000	1000	1000	1000	1000		L1_HTT220 OR L1_HTT255 OR L1_HTT280 OR L1_HTT300		No	L1_HTT200 OR L1_HTT240 OR L1_HTT270 OR L1_HTT280 OR L1_HTT310 OR L1_HTT320	EXO				
		DST_L1HTT_CaloScouting_PFScouting_v1		1000	1000	1000	1000	1000	1000	1000	1000	1000	1000	1000		L1_HTT220 OR L1_HTT255 OR L1_HTT280 OR L1_HTT300		No	L1_HTT200 OR L1_HTT240 OR L1_HTT270 OR L1_HTT280 OR L1_HTT310 OR L1_HTT320	EXO				
		DST_ZeroBias_BTagScouting_v1		200	200	200	200	200	200	200	200	200	200	200		L1_ZeroBias		Yes		EXO				
		DST_ZeroBias_PFScouting_v1		200	200	200	200	200	200	200	200	200	200	200		L1_ZeroBias		Yes		EXO				
	dataset ScoutingPFHT																							
		DST_HT410_BTagScouting_v1		1	1	1	1	1	1	1	1	1	1	1		L1_HTT220 OR L1_HTT255 OR L1_HTT280 OR L1_HTT300		No	L1_HTT200 OR L1_HTT240 OR L1_HTT270 OR L1_HTT280 OR L1_HTT310 OR L1_HTT320	EXO				
		DST_HT410_PFScouting_v1		1	1	1	1	1	1	1	1	1	1	1		L1_HTT220 OR L1_HTT255 OR L1_HTT280 OR L1_HTT300		No	L1_HTT200 OR L1_HTT240 OR L1_HTT270 OR L1_HTT280 OR L1_HTT310 OR L1_HTT320	EXO				
		DST_HT450_BTagScouting_v1		1	1	1	1	1	1	1	1	1	1	1		L1_HTT220 OR L1_HTT255 OR L1_HTT280 OR L1_HTT300		No	L1_HTT200 OR L1_HTT240 OR L1_HTT270 OR L1_HTT280 OR L1_HTT310 OR L1_HTT320	EXO				
		DST_HT450_PFScouting_v1		1	1	1	1	1	1	1	1	1	1	1		L1_HTT220 OR L1_HTT255 OR L1_HTT280 OR L1_HTT300		No	L1_HTT200 OR L1_HTT240 OR L1_HTT270 OR L1_HTT280 OR L1_HTT310 OR L1_HTT320	EXO				
	dataset ScoutingPFMuons																							
		DST_DoubleMu3_Mass10_BTagScouting_v1		1	1	1	1	1	1	1	1	1	1	1		L1_DoubleMu_10_3p5 OR L1_DoubleMu_12_5		No	L1_DoubleMu_11_4 OR L1_DoubleMu_12_5	EXO				
		DST_DoubleMu3_Mass10_PFScouting_v1		1	1	1	1	1	1	1	1	1	1	1		L1_DoubleMu_10_3p5 OR L1_DoubleMu_12_5		No	L1_DoubleMu_11_4 OR L1_DoubleMu_12_5	EXO				