				HLT Prescales														
Stream	Dataset	HLT path	Group	1e34	8e33	7e33	5e33	3.5e33	2e33	1e33	7e32	5e32	3.5e32	2e32	1e32	L1 seed		
stream ALCAELECTRON																		
	dataset AlCaElectron																	
		AlCa_DoubleEle_CaloIdL_TrackIdL_IsoVL_DZ_v4	HIG	1	1	1	1	1	1	1	1	1	1	1	1	L1_DoubleEG_15_10||L1_DoubleEG_18_17||L1_DoubleEG_20_18||L1_DoubleEG_22_10||L1_DoubleEG_22_12||L1_DoubleEG_22_15	||L1_DoubleEG_23_10||L1_DoubleEG_24_17	
		AlCa_DoubleEle_CaloIdL_TrackIdL_IsoVL_v4	HIG	1	1	1	1	1	1	1	1	1	1	1	1	L1_DoubleEG_15_10||L1_DoubleEG_18_17||L1_DoubleEG_20_18||L1_DoubleEG_22_10||L1_DoubleEG_22_12||L1_DoubleEG_22_15	||L1_DoubleEG_23_10||L1_DoubleEG_24_17	
		AlCa_SingleEle_WPVeryLoose_Gsf_v4	null	1	1	1	1	1	1	1	1	1	1	1	1	L1_SingleIsoEG18||L1_SingleIsoEG20||L1_SingleIsoEG22||L1_SingleIsoEG24||L1_SingleIsoEG26||L1_SingleIsoEG28||L1_SingleIsoEG30||L1_SingleIsoEG34		
stream ALCALUMIPIXELS																		
	dataset AlCaLumiPixels																	
		AlCa_LumiPixels_Random_v2	null	1	1	1	1	1	1	1	1	1	1	1	1			
		AlCa_LumiPixels_ZeroBias_v4		2	2	2	2	2	2	2	2	2	2	2	2	L1_ZeroBias		
stream ALCAP0																		
	dataset AlCaP0																	
		AlCa_EcalEtaEBonly_v5	ALCA ECAL	4	3	3	2	1	1	1	1	1	1	1	1	L1_AlwaysTrue||L1_IsolatedBunch||L1_SingleEG5||L1_SingleEG10||L1_SingleEG15||L1_SingleEG18||L1_SingleEG24||L1_SingleEG26||L1_SingleEG28||L1_SingleEG30||L1_SingleEG34||L1_SingleEG40||L1_SingleEG45||L1_SingleIsoEG18||L1_SingleIsoEG20||L1_SingleIsoEG22||L1_SingleIsoEG24||L1_SingleIsoEG26||L1_SingleIsoEG28||L1_SingleIsoEG30||L1_SingleIsoEG34||L1_SingleIsoEG18er||L1_SingleIsoEG20er||L1_SingleIsoEG22er||L1_SingleIsoEG24er||L1_SingleIsoEG26er||L1_SingleIsoEG28er||L1_SingleIsoEG30er||L1_SingleIsoEG34er||L1_DoubleEG_15_10||L1_DoubleEG_18_17||L1_DoubleEG_20_18||L1_DoubleEG_22_10||L1_DoubleEG_23_10||L1_DoubleEG_22_12||L1_DoubleEG_22_15||L1_DoubleEG_24_17||L1_SingleJet16||L1_SingleJet20||L1_SingleJet35||L1_SingleJet60||L1_SingleJet160||L1_SingleJet90||L1_SingleJet120||L1_SingleJet140||L1_SingleJet150||L1_SingleJet160||L1_SingleJet170||L1_SingleJet180||L1_SingleJet200||L1_DoubleJetC40||L1_DoubleJetC50||L1_DoubleJetC60||L1_DoubleJetC80||L1_DoubleJetC100||L1_DoubleJetC112||L1_DoubleJetC120||L1_TripleJet_88_72_56_VBF||L1_TripleJet_84_68_48_VBF||L1_TripleJet_92_76_64_VBF||L1_QuadJetC40||L1_QuadJetC50||L1_QuadJetC60||L1_HTT120||L1_HTT160||L1_HTT200||L1_HTT240||L1_HTT255||L1_HTT270||L1_HTT280||L1_HTT300||L1_HTT320||L1_HTT220		
		AlCa_EcalEtaEEonly_v5	ALCA ECAL	2	1	1	1	1	1	1	1	1	1	1	1	L1_AlwaysTrue||L1_IsolatedBunch||L1_SingleEG5||L1_SingleEG10||L1_SingleEG15||L1_SingleEG18||L1_SingleEG24||L1_SingleEG26||L1_SingleEG28||L1_SingleEG30||L1_SingleEG34||L1_SingleEG40||L1_SingleEG45||L1_SingleIsoEG18||L1_SingleIsoEG20||L1_SingleIsoEG22||L1_SingleIsoEG24||L1_SingleIsoEG26||L1_SingleIsoEG28||L1_SingleIsoEG30||L1_SingleIsoEG34||L1_SingleIsoEG18er||L1_SingleIsoEG20er||L1_SingleIsoEG22er||L1_SingleIsoEG24er||L1_SingleIsoEG26er||L1_SingleIsoEG28er||L1_SingleIsoEG30er||L1_SingleIsoEG34er||L1_DoubleEG_15_10||L1_DoubleEG_18_17||L1_DoubleEG_20_18||L1_DoubleEG_22_10||L1_DoubleEG_23_10||L1_DoubleEG_22_12||L1_DoubleEG_22_15||L1_DoubleEG_24_17||L1_SingleJet16||L1_SingleJet20||L1_SingleJet35||L1_SingleJet60||L1_SingleJet160||L1_SingleJet90||L1_SingleJet120||L1_SingleJet140||L1_SingleJet150||L1_SingleJet160||L1_SingleJet170||L1_SingleJet180||L1_SingleJet200||L1_DoubleJetC40||L1_DoubleJetC50||L1_DoubleJetC60||L1_DoubleJetC80||L1_DoubleJetC100||L1_DoubleJetC112||L1_DoubleJetC120||L1_TripleJet_88_72_56_VBF||L1_TripleJet_84_68_48_VBF||L1_TripleJet_92_76_64_VBF||L1_QuadJetC40||L1_QuadJetC50||L1_QuadJetC60||L1_HTT120||L1_HTT160||L1_HTT200||L1_HTT240||L1_HTT255||L1_HTT270||L1_HTT280||L1_HTT300||L1_HTT320||L1_HTT220		
		AlCa_EcalPi0EBonly_v5	null	6	5	5	4	3	2	1	1	1	1	1	1	L1_AlwaysTrue||L1_IsolatedBunch||L1_SingleEG5||L1_SingleEG10||L1_SingleEG15||L1_SingleEG18||L1_SingleEG24||L1_SingleEG26||L1_SingleEG28||L1_SingleEG30||L1_SingleEG34||L1_SingleEG40||L1_SingleEG45||L1_SingleIsoEG18||L1_SingleIsoEG20||L1_SingleIsoEG22||L1_SingleIsoEG24||L1_SingleIsoEG26||L1_SingleIsoEG28||L1_SingleIsoEG30||L1_SingleIsoEG34||L1_SingleIsoEG18er||L1_SingleIsoEG20er||L1_SingleIsoEG22er||L1_SingleIsoEG24er||L1_SingleIsoEG26er||L1_SingleIsoEG28er||L1_SingleIsoEG30er||L1_SingleIsoEG34er||L1_DoubleEG_15_10||L1_DoubleEG_18_17||L1_DoubleEG_20_18||L1_DoubleEG_22_10||L1_DoubleEG_23_10||L1_DoubleEG_22_12||L1_DoubleEG_22_15||L1_DoubleEG_24_17||L1_SingleJet16||L1_SingleJet20||L1_SingleJet35||L1_SingleJet60||L1_SingleJet160||L1_SingleJet90||L1_SingleJet120||L1_SingleJet140||L1_SingleJet150||L1_SingleJet160||L1_SingleJet170||L1_SingleJet180||L1_SingleJet200||L1_DoubleJetC40||L1_DoubleJetC50||L1_DoubleJetC60||L1_DoubleJetC80||L1_DoubleJetC100||L1_DoubleJetC112||L1_DoubleJetC120||L1_TripleJet_88_72_56_VBF||L1_TripleJet_84_68_48_VBF||L1_TripleJet_92_76_64_VBF||L1_QuadJetC40||L1_QuadJetC50||L1_QuadJetC60||L1_HTT120||L1_HTT160||L1_HTT200||L1_HTT240||L1_HTT255||L1_HTT270||L1_HTT280||L1_HTT300||L1_HTT320||L1_HTT220		
		AlCa_EcalPi0EEonly_v5	ALCA ECAL	2	2	2	1	1	1	1	1	1	1	1	1	L1_AlwaysTrue||L1_IsolatedBunch||L1_SingleEG5||L1_SingleEG10||L1_SingleEG15||L1_SingleEG18||L1_SingleEG24||L1_SingleEG26||L1_SingleEG28||L1_SingleEG30||L1_SingleEG34||L1_SingleEG40||L1_SingleEG45||L1_SingleIsoEG18||L1_SingleIsoEG20||L1_SingleIsoEG22||L1_SingleIsoEG24||L1_SingleIsoEG26||L1_SingleIsoEG28||L1_SingleIsoEG30||L1_SingleIsoEG34||L1_SingleIsoEG18er||L1_SingleIsoEG20er||L1_SingleIsoEG22er||L1_SingleIsoEG24er||L1_SingleIsoEG26er||L1_SingleIsoEG28er||L1_SingleIsoEG30er||L1_SingleIsoEG34er||L1_DoubleEG_15_10||L1_DoubleEG_18_17||L1_DoubleEG_20_18||L1_DoubleEG_22_10||L1_DoubleEG_23_10||L1_DoubleEG_22_12||L1_DoubleEG_22_15||L1_DoubleEG_24_17||L1_SingleJet16||L1_SingleJet20||L1_SingleJet35||L1_SingleJet60||L1_SingleJet160||L1_SingleJet90||L1_SingleJet120||L1_SingleJet140||L1_SingleJet150||L1_SingleJet160||L1_SingleJet170||L1_SingleJet180||L1_SingleJet200||L1_DoubleJetC40||L1_DoubleJetC50||L1_DoubleJetC60||L1_DoubleJetC80||L1_DoubleJetC100||L1_DoubleJetC112||L1_DoubleJetC120||L1_TripleJet_88_72_56_VBF||L1_TripleJet_84_68_48_VBF||L1_TripleJet_92_76_64_VBF||L1_QuadJetC40||L1_QuadJetC50||L1_QuadJetC60||L1_HTT120||L1_HTT160||L1_HTT200||L1_HTT240||L1_HTT255||L1_HTT270||L1_HTT280||L1_HTT300||L1_HTT320||L1_HTT220		
stream ALCAPHISYM																		
	dataset AlCaPhiSym																	
		AlCa_EcalPhiSym_v5	null	1	1	1	1	1	1	1	1	1	1	1	1	L1_ZeroBias||L1_AlwaysTrue||L1_IsolatedBunch		
stream Calibration																		
	dataset TestEnablesEcalHcal																	
		HLT_EcalCalibration_v3	null	1	1	1	1	1	1	1	1	1	1	1	1			
		HLT_HcalCalibration_v2	null	1	1	1	1	1	1	1	1	1	1	1	1			
stream DQMCalibration																		
	dataset TestEnablesEcalHcalDQM																	
		HLT_EcalCalibration_v3	null	1	1	1	1	1	1	1	1	1	1	1	1			
		HLT_HcalCalibration_v2	null	1	1	1	1	1	1	1	1	1	1	1	1			
stream DQMEventDisplay																		
	dataset EventDisplay																	
		HLT_AK4PFJet100_v4	HIN	0	0	0	0	0	0	0	0	0	0	0	0	L1_SingleJet35		
		HLT_AK8PFJet360_TrimMass30_v4	B2G	1	1	1	1	1	1	1	1	1	1	1	1	L1_SingleJet180||L1_SingleJet200		
		HLT_HISinglePhoton60_v3	Egamma	0	0	0	0	0	0	0	0	0	0	0	0	L1_SingleEG5		
		HLT_Photon175_v6	Egamma	1	1	1	1	1	1	1	1	1	1	1	1	L1_SingleEG30||L1_SingleEG34||L1_SingleEG40||L1_SingleJet170||L1_SingleJet180||L1_SingleJet200||L1_SingleTau100er||L1_SingleTau120er		
stream EcalCalibration																		
	dataset EcalLaser																	
		HLT_EcalCalibration_v3	null	1	1	1	1	1	1	1	1	1	1	1	1			
stream Express																		
	dataset ExpressPhysics																	
		HLT_Ele17_Ele12_CaloIdL_TrackIdL_IsoVL_DZ_v6	HIG	0	1	1	1	1	1	1	1	1	1	1	1	L1_SingleEG30||L1_SingleEG34||L1_SingleEG40||L1_SingleIsoEG22er||L1_SingleIsoEG24er||L1_SingleIsoEG26er||L1_SingleIsoEG24||L1_SingleIsoEG26||L1_SingleIsoEG28||L1_DoubleEG_15_10||L1_DoubleEG_18_17||L1_DoubleEG_20_18||L1_DoubleEG_22_10||L1_DoubleEG_22_12||L1_DoubleEG_22_15||L1_DoubleEG_23_10||L1_DoubleEG_24_17		
		HLT_Ele250_CaloIdVT_GsfTrkIdT_v4	AlCa	1	1	1	1	1	1	1	1	1	1	1	1	L1_SingleEG30||L1_SingleEG34||L1_SingleEG40||L1_SingleJet170||L1_SingleJet180||L1_SingleJet200||L1_SingleTau100er||L1_SingleTau120er		
		HLT_Ele300_CaloIdVT_GsfTrkIdT_v4	AlCa	1	1	1	1	1	1	1	1	1	1	1	1	L1_SingleEG30||L1_SingleEG34||L1_SingleEG40||L1_SingleJet170||L1_SingleJet180||L1_SingleJet200||L1_SingleTau100er||L1_SingleTau120er		
		HLT_HT2000_v3	PPD	1	1	1	1	1	1	1	1	1	1	1	1	L1_HTT280||L1_HTT300||L1_HTT320		
		HLT_HT2500_v3	PPD	1	1	1	1	1	1	1	1	1	1	1	1	L1_HTT280||L1_HTT300||L1_HTT320		
		HLT_IsoMu20_v4	SMP,muon	0	1	1	1	1	1	1	1	1	1	1	1	L1_SingleMu18		
		HLT_MET600_v2	PPD,AlCa	1	1	1	1	1	1	1	1	1	1	1	1	L1_ETM60||L1_ETM70		
		HLT_MET700_v2	PPD,AlCa	1	1	1	1	1	1	1	1	1	1	1	1	L1_ETM60||L1_ETM70		
		HLT_Mu17_TrkIsoVVL_Mu8_TrkIsoVVL_DZ_v4	Muon	1	1	1	1	1	1	1	1	1	1	1	1	L1_DoubleMu_11_4||L1_DoubleMu_12_5		
		HLT_Mu300_v2	EXO-Disappearing Tracks	1	1	1	1	1	1	1	1	1	1	1	1	L1_SingleMu22||L1_SingleMu25||L1_SingleMu30		
		HLT_Mu350_v2	PPD	1	1	1	1	1	1	1	1	1	1	1	1	L1_SingleMu22||L1_SingleMu25||L1_SingleMu30		
		HLT_PFMET500_v3	PPD,AlCa	1	1	1	1	1	1	1	1	1	1	1	1	L1_ETM60||L1_ETM70||L1_ETM80||L1_ETM90||L1_ETM100||L1_ETM120		
		HLT_PFMET600_v3	PPD,AlCa	1	1	1	1	1	1	1	1	1	1	1	1	L1_ETM60||L1_ETM70||L1_ETM80||L1_ETM90||L1_ETM100||L1_ETM120		
		HLT_Photon500_v4	PPD	1	1	1	1	1	1	1	1	1	1	1	1	L1_SingleEG30||L1_SingleEG34||L1_SingleEG40||L1_SingleJet170||L1_SingleJet180||L1_SingleJet200||L1_SingleTau100er||L1_SingleTau120er		
		HLT_Photon600_v4	PPD	1	1	1	1	1	1	1	1	1	1	1	1	L1_SingleEG30||L1_SingleEG34||L1_SingleEG40||L1_SingleJet170||L1_SingleJet180||L1_SingleJet200||L1_SingleTau100er||L1_SingleTau120er		
		HLT_Physics_v3	null	1	1	1	1	1	1	1	1	1	1	1	1			
		HLT_Random_v2	null	1	1	1	1	1	1	1	1	1	1	1	1			
		HLT_ZeroBias_FirstCollisionAfterAbortGap_TCDS_v1	null	1	1	1	1	1	1	1	1	1	1	1	1			
		HLT_ZeroBias_FirstCollisionAfterAbortGap_v1	null	1	1	1	1	1	1	1	1	1	1	1	1	L1_ZeroBias_FirstCollidingBunch		
		HLT_ZeroBias_IsolatedBunches_v3	null	50	50	50	50	50	50	50	50	50	50	50	50	L1_IsolatedBunch		
		HLT_ZeroBias_v4		150	150	150	300	390	300	300	300	300	300	300	300	L1_ZeroBias		
stream HLTMonitor																		
	dataset HLTMonitor																	
		HLT_DiPFJetAve40_v4		50	38	32	24	16	10	6	4	2	2	2	2	L1_ZeroBias		
		HLT_PFHT350_v5	SUS	640	576	512	384	256	128	64	48	32	24	16	8	L1_HTT160||L1_HTT200||L1_HTT220||L1_HTT240||L1_HTT255||L1_HTT270||L1_HTT280||L1_HTT300||L1_HTT320		
		HLT_PFMET120_BTagCSV_p067_v3	SUSY	1	1	1	1	1	1	1	1	1	1	1	1	L1_ETM50||L1_ETM60||L1_ETM70||L1_ETM80||L1_ETM90||L1_ETM100		
		HLT_PFMET120_Mu5_v3	JME	1	1	1	1	1	1	1	1	1	1	1	1	(L1_Mu0er_ETM40||L1_Mu0er_ETM55||L1_ETM60||L1_ETM70||L1_ETM80||L1_ETM90||L1_ETM100)	AND	(L1_SingleMuOpen)
		HLT_PFMET120_PFMHT120_IDTight_v4	null	1	1	1	1	1	1	1	1	1	1	1	1	L1_ETM50||L1_ETM60||L1_ETM60_Jet60_dPhi_Min0p4||L1_ETM70||L1_ETM80||L1_ETM90||L1_ETM100||L1_ETM120||L1_DoubleJetC60_ETM60		
		HLT_QuadPFJet_BTagCSV_p016_VBF_Mqq460_v2	HIG (Hbb)	0	1	1	1	1	1	1	1	1	1	1	1	L1_TripleJet_84_68_48_VBF||L1_TripleJet_88_72_56_VBF||L1_TripleJet_92_76_64_VBF||L1_HTT280||L1_HTT300||L1_HTT320||L1_SingleJet170||L1_SingleJet180||L1_SingleJet200||L1_DoubleJetC100||L1_DoubleJetC112||L1_DoubleJetC120		
		HLT_QuadPFJet_BTagCSV_p016_VBF_Mqq500_v2	HIG (Hbb)	1	1	1	1	1	1	1	1	1	1	1	1	L1_TripleJet_84_68_48_VBF||L1_TripleJet_88_72_56_VBF||L1_TripleJet_92_76_64_VBF||L1_HTT280||L1_HTT300||L1_HTT320||L1_SingleJet170||L1_SingleJet180||L1_SingleJet200||L1_DoubleJetC100||L1_DoubleJetC112||L1_DoubleJetC120		
		HLT_QuadPFJet_BTagCSV_p016_p11_VBF_Mqq200_v2	HIG (Hbb)	0	1	1	1	1	1	1	1	1	1	1	1	L1_TripleJet_84_68_48_VBF||L1_TripleJet_88_72_56_VBF||L1_TripleJet_92_76_64_VBF||L1_HTT280||L1_HTT300||L1_HTT320||L1_SingleJet170||L1_SingleJet180||L1_SingleJet200||L1_DoubleJetC100||L1_DoubleJetC112||L1_DoubleJetC120		
		HLT_QuadPFJet_BTagCSV_p016_p11_VBF_Mqq240_v2	HIG (Hbb)	1	1	1	1	1	1	1	1	1	1	1	1	L1_TripleJet_84_68_48_VBF||L1_TripleJet_88_72_56_VBF||L1_TripleJet_92_76_64_VBF||L1_HTT280||L1_HTT300||L1_HTT320||L1_SingleJet170||L1_SingleJet180||L1_SingleJet200||L1_DoubleJetC100||L1_DoubleJetC112||L1_DoubleJetC120		
		HLT_QuadPFJet_VBF_v5	HIG (Hbb)	2000	1700	1500	1000	750	400	200	150	100	75	40	20	L1_TripleJet_84_68_48_VBF||L1_TripleJet_88_72_56_VBF||L1_TripleJet_92_76_64_VBF||L1_HTT280||L1_HTT300||L1_HTT320||L1_SingleJet170||L1_SingleJet180||L1_SingleJet200||L1_DoubleJetC100||L1_DoubleJetC112||L1_DoubleJetC120		
stream NanoDST																		
	dataset L1Accept																	
		DST_Physics_v2	null	1	1	1	1	1	1	1	1	1	1	1	1			
stream Parking																		
	dataset ParkingHT410to430																	
		HLT_HT410to430_v3	EXO	1	1	1	1	1	1	1	1	1	1	1	1	L1_HTT200||L1_HTT240||L1_HTT270||L1_HTT280||L1_HTT300||L1_HTT320		
	dataset ParkingHT430to450																	
		HLT_HT430to450_v3	EXO	1	1	1	1	1	1	1	1	1	1	1	1	L1_HTT200||L1_HTT240||L1_HTT270||L1_HTT280||L1_HTT300||L1_HTT320		
	dataset ParkingHT450to470																	
		HLT_HT450to470_v3	EXO	1	1	1	1	1	1	1	1	1	1	1	1	L1_HTT200||L1_HTT240||L1_HTT270||L1_HTT280||L1_HTT300||L1_HTT320		
	dataset ParkingHT470to500																	
		HLT_HT470to500_v3	EXO	1	1	1	1	1	1	1	1	1	1	1	1	L1_HTT200||L1_HTT240||L1_HTT270||L1_HTT280||L1_HTT300||L1_HTT320		
	dataset ParkingHT500to550																	
		HLT_HT500to550_v3	EXO	1	1	1	1	1	1	1	1	1	1	1	1	L1_HTT200||L1_HTT240||L1_HTT270||L1_HTT280||L1_HTT300||L1_HTT320		
	dataset ParkingHT550to650																	
		HLT_HT550to650_v3	EXO	1	1	1	1	1	1	1	1	1	1	1	1	L1_HTT200||L1_HTT240||L1_HTT270||L1_HTT280||L1_HTT300||L1_HTT320		
	dataset ParkingHT650																	
		HLT_HT650_v4	EXO	1	1	1	1	1	1	1	1	1	1	1	1	L1_HTT200||L1_HTT240||L1_HTT270||L1_HTT280||L1_HTT300||L1_HTT320		
stream ParkingHLTPhysics																		
	dataset HLTPhysics0																	
		HLT_Physics_part0_v1	null	1	1	1	1	1	1	1	1	1	1	1	1			
	dataset HLTPhysics1																	
		HLT_Physics_part1_v1	null	1	1	1	1	1	1	1	1	1	1	1	1			
	dataset HLTPhysics2																	
		HLT_Physics_part2_v1	null	1	1	1	1	1	1	1	1	1	1	1	1			
	dataset HLTPhysics3																	
		HLT_Physics_part3_v1	null	1	1	1	1	1	1	1	1	1	1	1	1			
stream PhysicsCommissioning																		
	dataset Commissioning																	
		HLT_DiSC30_18_EIso_AND_HE_Mass70_v4	null	200	160	140	100	70	40	20	14	10	7	4	2	L1_SingleIsoEG22er||L1_SingleIsoEG24||L1_SingleEG40||L1_DoubleEG_18_17||L1_DoubleEG_22_12||L1_DoubleEG_15_10		
		HLT_IsoTrackHB_v2	null	5	3	3	2	1	1	1	1	1	1	1	1	L1_SingleJet60		
		HLT_IsoTrackHE_v2	null	3	2	2	1	1	1	1	1	1	1	1	1	L1_SingleJet60		
		HLT_L1BeamGasMinus_v2	null	1	1	1	1	1	1	1	1	1	1	1	1	L1_BeamGasMinus		
		HLT_L1BeamGasPlus_v2	null	1	1	1	1	1	1	1	1	1	1	1	1	L1_BeamGasPlus		
		HLT_L1BptxXOR_v2	null	1	1	1	1	1	1	1	1	1	1	1	1	L1_BptxXOR		
		HLT_L1FatEvents_v1	null	1	1	1	1	1	1	1	1	1	1	1	1			
		HLT_L1SingleMuOpen_DT_v3	null	0	0	0	0	0	0	0	0	0	0	0	0	L1_SingleMuOpen		
	dataset EmptyBX																	
		HLT_L1BptxMinus_v2	null	0	0	0	0	0	0	0	0	0	0	0	0	L1_BptxMinus		
		HLT_L1BptxPlus_v2	null	0	0	0	0	0	0	0	0	0	0	0	0	L1_BptxPlus		
		HLT_L1NotBptxOR_v2	null	0	0	0	0	0	0	0	0	0	0	0	0	L1_NotBptxOR		
	dataset FSQJets																	
		HLT_DiPFJet15_FBEta3_NoCaloMatched_v3	FSQ	0	0	0	0	0	0	0	0	0	0	0	0	L1_DoubleJet8_ForwardBackward		
		HLT_DiPFJet15_NoCaloMatched_v2	FSQ	0	0	0	0	0	0	0	0	0	0	0	0	L1_SingleJet8_BptxAND		
		HLT_DiPFJet25_FBEta3_NoCaloMatched_v3	FSQ	0	0	0	0	0	0	0	0	0	0	0	0	L1_DoubleJet12_ForwardBackward		
		HLT_DiPFJet25_NoCaloMatched_v2	FSQ	0	0	0	0	0	0	0	0	0	0	0	0	L1_SingleJet12_BptxAND		
		HLT_DiPFJetAve15_HFJEC_v2	null	0	0	0	0	0	0	0	0	0	0	0	0	L1_SingleJet8_BptxAND		
		HLT_DiPFJetAve25_HFJEC_v2	null	0	0	0	0	0	0	0	0	0	0	0	0	L1_SingleJet12_BptxAND		
		HLT_DiPFJetAve35_HFJEC_v2	null	0	0	0	0	0	0	0	0	0	0	0	0	L1_SingleJet16		
		HLT_PFJet15_NoCaloMatched_v4	FSQ	0	0	0	0	0	0	0	0	0	0	0	0	L1_SingleJet8_BptxAND		
		HLT_PFJet25_NoCaloMatched_v2	FSQ	0	0	0	0	0	0	0	0	0	0	0	0	L1_SingleJet12_BptxAND		
	dataset HLTPhysics																	
		HLT_Physics_v3	null	1	1	1	1	1	1	1	1	1	1	1	1			
	dataset HcalHPDNoise																	
		HLT_GlobalRunHPDNoise_v4	null	3500	3500	3500	3500	3500	3500	3500	3500	3500	3500	3500	3500	L1_SingleJetC20_NotBptxOR		
	dataset HcalNZS																	
		HLT_HcalNZS_v3	null	1	1	1	1	1	1	1	1	1	1	1	1	L1_SingleEG5||L1_SingleEG24||L1_SingleJet35||L1_SingleJet60||L1_SingleMuOpen||L1_ZeroBias		
		HLT_HcalPhiSym_v3	null	1	1	1	1	1	1	1	1	1	1	1	1	L1_SingleEG5||L1_SingleEG24||L1_SingleMuOpen		
	dataset L1MinimumBias																	
		HLT_L1MinimumBiasHF_AND_v2	null	0	0	0	0	0	0	0	0	0	0	0	0	L1_MinimumBiasHF0_AND_BptxAND		
		HLT_L1MinimumBiasHF_OR_v2	null	0	0	0	0	0	0	0	0	0	0	0	0	L1_MinimumBiasHF0_OR_BptxAND		
	dataset MonteCarlo																	
		MC_AK4CaloJets_v2	null	1	1	1	1	1	1	1	1	1	1	1	1			
		MC_AK4PFJets_v3	null	1	1	1	1	1	1	1	1	1	1	1	1			
		MC_AK8CaloHT_v2	null	1	1	1	1	1	1	1	1	1	1	1	1			
		MC_AK8PFHT_v3	null	1	1	1	1	1	1	1	1	1	1	1	1			
		MC_AK8PFJets_v3	null	1	1	1	1	1	1	1	1	1	1	1	1			
		MC_AK8TrimPFJets_v3	null	1	1	1	1	1	1	1	1	1	1	1	1			
		MC_CaloHT_v2	null	1	1	1	1	1	1	1	1	1	1	1	1			
		MC_CaloMET_JetIdCleaned_v2	null	1	1	1	1	1	1	1	1	1	1	1	1			
		MC_CaloMET_v2	null	1	1	1	1	1	1	1	1	1	1	1	1			
		MC_CaloMHT_v2	null	1	1	1	1	1	1	1	1	1	1	1	1			
		MC_Diphoton10_10_R9Id_OR_IsoCaloId_AND_HE_R9Id_Mass10_v4	null	0	0	0	0	0	0	0	0	0	0	0	0	L1_SingleEG5		
		MC_DoubleEle5_CaloIdL_GsfTrkIdVL_MW_v5	EXO,base unisolated EXO trigger,main driver is Z'->ee analysis but generally used in EXO	0	0	0	0	0	0	0	0	0	0	0	0	L1_SingleEG5		
		MC_DoubleGlbTrkMu_TrkIsoVVL_DZ_v2	Muon	0	0	0	0	0	0	0	0	0	0	0	0	L1_DoubleMu0		
		MC_DoubleL1Tau_MediumIsoPFTau32_Trk1_eta2p1_Reg_v1	TAU,HIG,EXO	0	0	0	0	0	0	0	0	0	0	0	0	L1_DoubleIsoTau26er||L1_DoubleIsoTau27er||L1_DoubleIsoTau28er||L1_DoubleIsoTau29er||L1_DoubleIsoTau30er||L1_DoubleIsoTau32er		
		MC_DoubleMuNoFiltersNoVtx_v2	EXO,DisplacedSUSY	0	0	0	0	0	0	0	0	0	0	0	0	L1_DoubleMu0		
		MC_DoubleMu_TrkIsoVVL_DZ_v2	Muon	0	0	0	0	0	0	0	0	0	0	0	0	L1_DoubleMu0		
		MC_Ele15_Ele10_CaloIdL_TrackIdL_IsoVL_DZ_v5	HIG	0	0	0	0	0	0	0	0	0	0	0	0	L1_DoubleEG_15_10||L1_DoubleEG_18_17||L1_DoubleEG_20_18||L1_DoubleEG_22_10||L1_DoubleEG_22_12||L1_DoubleEG_22_15	||L1_DoubleEG_23_10||L1_DoubleEG_24_17	
		MC_Ele5_WPLoose_Gsf_v5	Egamma	0	0	0	0	0	0	0	0	0	0	0	0	L1_SingleEG5		
		MC_IsoMu_v5	SMP,muon	0	0	0	0	0	0	0	0	0	0	0	0	L1_SingleMu3||L1_SingleMu5||L1_SingleMu7		
		MC_IsoTkMu15_v5	SMP,muon	0	0	0	0	0	0	0	0	0	0	0	0	L1_SingleMu3||L1_SingleMu5||L1_SingleMu7		
		MC_LooseIsoPFTau20_v2	TAU,HIG	1	1	1	1	1	1	1	1	1	1	1	1			
		MC_LooseIsoPFTau50_Trk30_eta2p1_v1	HIG,TAU,EXO	1	1	1	1	1	1	1	1	1	1	1	1			
		MC_PFHT_v3	null	1	1	1	1	1	1	1	1	1	1	1	1			
		MC_PFMET_v3	null	1	1	1	1	1	1	1	1	1	1	1	1			
		MC_PFMHT_v3	null	1	1	1	1	1	1	1	1	1	1	1	1			
		MC_ReducedIterativeTracking_v2	null	1	1	1	1	1	1	1	1	1	1	1	1			
	dataset NoBPTX																	
		HLT_JetE30_NoBPTX3BX_v2	EXO	1	1	1	1	1	1	1	1	1	1	1	1	L1_SingleJetC20_NotBptxOR_3BX		
		HLT_JetE30_NoBPTX_v3	EXO	160	70	60	42	30	17	8	6	4	3	1	1	L1_SingleJetC20_NotBptxOR		
		HLT_JetE50_NoBPTX3BX_v2	EXO	1	1	1	1	1	1	1	1	1	1	1	1	L1_SingleJetC32_NotBptxOR_3BX||L1_SingleJetC36_NotBptxOR_3BX		
		HLT_JetE70_NoBPTX3BX_v2	EXO	1	1	1	1	1	1	1	1	1	1	1	1	L1_SingleJetC32_NotBptxOR_3BX||L1_SingleJetC36_NotBptxOR_3BX		
		HLT_L2Mu10_NoVertex_NoBPTX3BX_v2	EXO	100	100	100	70	50	30	15	10	7	5	2	1	L1_SingleMuOpen_NotBptxOR_3BX		
		HLT_L2Mu10_NoVertex_NoBPTX_v3	EXO	100	100	100	70	50	30	15	10	7	5	2	1	L1_SingleMuOpen_NotBptxOR		
		HLT_L2Mu35_NoVertex_3Sta_NoBPTX3BX_v2	EXO	1	1	1	1	1	1	1	1	1	1	1	1	L1_SingleMuOpen_NotBptxOR_3BX		
		HLT_L2Mu40_NoVertex_3Sta_NoBPTX3BX_v2	EXO	1	1	1	1	1	1	1	1	1	1	1	1	L1_SingleMuOpen_NotBptxOR_3BX		
	dataset ZeroBias																	
		HLT_Random_v2	null	1	1	1	1	1	1	1	1	1	1	1	1			
		HLT_ZeroBias_FirstCollisionAfterAbortGap_TCDS_v1	null	1	1	1	1	1	1	1	1	1	1	1	1			
		HLT_ZeroBias_FirstCollisionAfterAbortGap_v1	null	1	1	1	1	1	1	1	1	1	1	1	1	L1_ZeroBias_FirstCollidingBunch		
		HLT_ZeroBias_IsolatedBunches_v3	null	50	50	50	50	50	50	50	50	50	50	50	50	L1_IsolatedBunch		
		HLT_ZeroBias_v4		150	150	150	300	390	300	300	300	300	300	300	300	L1_ZeroBias		
stream PhysicsEGamma																		
	dataset DoubleEG																	
		HLT_Diphoton30EB_18EB_R9Id_OR_IsoCaloId_AND_HE_R9Id_DoublePixelVeto_Mass55_v4	null	1	1	1	1	1	1	1	1	1	1	1	1	L1_SingleEG30||L1_SingleEG34||L1_SingleEG40||L1_SingleIsoEG22er||L1_SingleIsoEG24er||L1_SingleIsoEG26er||L1_SingleIsoEG24||L1_SingleIsoEG26||L1_SingleIsoEG28||L1_DoubleEG_15_10||L1_DoubleEG_18_17||L1_DoubleEG_20_18||L1_DoubleEG_22_10||L1_DoubleEG_22_12||L1_DoubleEG_22_15||L1_DoubleEG_23_10||L1_DoubleEG_24_17		
		HLT_Diphoton30PV_18PV_R9Id_AND_IsoCaloId_AND_HE_R9Id_DoublePixelVeto_Mass55_v4	null	1	1	1	1	1	1	1	1	1	1	1	1	L1_SingleEG30||L1_SingleEG34||L1_SingleEG40||L1_SingleIsoEG22er||L1_SingleIsoEG24er||L1_SingleIsoEG26er||L1_SingleIsoEG24||L1_SingleIsoEG26||L1_SingleIsoEG28||L1_DoubleEG_15_10||L1_DoubleEG_18_17||L1_DoubleEG_20_18||L1_DoubleEG_22_10||L1_DoubleEG_22_12||L1_DoubleEG_22_15||L1_DoubleEG_23_10||L1_DoubleEG_24_17		
		HLT_Diphoton30_18_R9Id_OR_IsoCaloId_AND_HE_R9Id_DoublePixelSeedMatch_Mass70_v4	null	1	1	1	1	1	1	1	1	1	1	1	1	L1_SingleEG30||L1_SingleEG34||L1_SingleEG40||L1_SingleIsoEG22er||L1_SingleIsoEG24er||L1_SingleIsoEG26er||L1_SingleIsoEG24||L1_SingleIsoEG26||L1_SingleIsoEG28||L1_DoubleEG_15_10||L1_DoubleEG_18_17||L1_DoubleEG_20_18||L1_DoubleEG_22_10||L1_DoubleEG_22_12||L1_DoubleEG_22_15||L1_DoubleEG_23_10||L1_DoubleEG_24_17		
		HLT_Diphoton30_18_R9Id_OR_IsoCaloId_AND_HE_R9Id_Mass90_v4	null	1	1	1	1	1	1	1	1	1	1	1	1	L1_SingleEG30||L1_SingleEG34||L1_SingleEG40||L1_SingleIsoEG22er||L1_SingleIsoEG24er||L1_SingleIsoEG26er||L1_SingleIsoEG24||L1_SingleIsoEG26||L1_SingleIsoEG28||L1_DoubleEG_15_10||L1_DoubleEG_18_17||L1_DoubleEG_20_18||L1_DoubleEG_22_10||L1_DoubleEG_22_12||L1_DoubleEG_22_15||L1_DoubleEG_23_10||L1_DoubleEG_24_17		
		HLT_Diphoton30_18_Solid_R9Id_AND_IsoCaloId_AND_HE_R9Id_Mass55_v4	null	1	1	1	1	1	1	1	1	1	1	1	1	L1_SingleEG30||L1_SingleEG34||L1_SingleEG40||L1_SingleIsoEG22er||L1_SingleIsoEG24er||L1_SingleIsoEG26er||L1_SingleIsoEG24||L1_SingleIsoEG26||L1_SingleIsoEG28||L1_DoubleEG_15_10||L1_DoubleEG_18_17||L1_DoubleEG_20_18||L1_DoubleEG_22_10||L1_DoubleEG_22_12||L1_DoubleEG_22_15||L1_DoubleEG_23_10||L1_DoubleEG_24_17		
		HLT_DoubleEle24_22_eta2p1_WPLoose_Gsf_v5	TAU,HIG	1	1	1	1	1	1	1	1	1	1	1	1	L1_DoubleEG_22_10||L1_DoubleEG_22_12||L1_DoubleEG_22_15||L1_DoubleEG_23_10||L1_DoubleEG_24_17		
		HLT_DoubleEle33_CaloIdL_GsfTrkIdVL_MW_v6	EXO-Disappearing Tracks	1	1	1	1	1	1	1	1	1	1	1	1	L1_SingleEG26||L1_SingleEG30||L1_SingleEG34||L1_SingleEG40||L1_DoubleEG_18_17||L1_DoubleEG_20_18||L1_DoubleEG_22_10||L1_DoubleEG_22_12||L1_DoubleEG_22_15||L1_DoubleEG_23_10||L1_DoubleEG_24_17||L1_SingleJet170||L1_SingleJet180||L1_SingleJet200||L1_SingleTau100er||L1_SingleTau120er		
		HLT_DoubleEle33_CaloIdL_GsfTrkIdVL_v6	EXO-Disappearing Tracks	1	1	1	1	1	1	1	1	1	1	1	1	L1_SingleEG26||L1_SingleEG30||L1_SingleEG34||L1_SingleEG40||L1_DoubleEG_18_17||L1_DoubleEG_20_18||L1_DoubleEG_22_10||L1_DoubleEG_22_12||L1_DoubleEG_22_15||L1_DoubleEG_23_10||L1_DoubleEG_24_17||L1_SingleJet170||L1_SingleJet180||L1_SingleJet200||L1_SingleTau100er||L1_SingleTau120er		
		HLT_DoubleEle33_CaloIdL_MW_v4	EXO-Disappearing Tracks	1	1	1	1	1	1	1	1	1	1	1	1	L1_SingleEG26||L1_SingleEG30||L1_SingleEG34||L1_SingleEG40||L1_DoubleEG_18_17||L1_DoubleEG_20_18||L1_DoubleEG_22_10||L1_DoubleEG_22_12||L1_DoubleEG_22_15||L1_DoubleEG_23_10||L1_DoubleEG_24_17||L1_SingleJet170||L1_SingleJet180||L1_SingleJet200||L1_SingleTau100er||L1_SingleTau120er		
		HLT_DoubleEle33_CaloIdL_v4	EXO	0	1	1	1	1	1	1	1	1	1	1	1	L1_SingleEG26||L1_SingleEG30||L1_SingleEG34||L1_SingleEG40||L1_DoubleEG_18_17||L1_DoubleEG_20_18||L1_DoubleEG_22_10||L1_DoubleEG_22_12||L1_DoubleEG_22_15||L1_DoubleEG_23_10||L1_DoubleEG_24_17||L1_SingleJet170||L1_SingleJet180||L1_SingleJet200||L1_SingleTau100er||L1_SingleTau120er		
		HLT_DoubleEle37_Ele27_CaloIdL_GsfTrkIdVL_v4	EXO	1	1	1	1	1	1	1	1	1	1	1	1	L1_SingleEG26||L1_SingleEG30||L1_SingleEG34||L1_SingleEG40||L1_DoubleEG_18_17||L1_DoubleEG_20_18||L1_DoubleEG_22_10||L1_DoubleEG_22_12||L1_DoubleEG_22_15||L1_DoubleEG_23_10||L1_DoubleEG_24_17||L1_SingleJet170||L1_SingleJet180||L1_SingleJet200||L1_SingleTau100er||L1_SingleTau120er		
		HLT_DoubleEle8_CaloIdM_TrackIdM_Mass8_PFHT250_v4	null	1	1	1	1	1	1	1	1	1	1	1	1	L1_DoubleEG6_HTT255||L1_HTT160||L1_HTT200||L1_HTT220||L1_HTT240||L1_HTT255||L1_HTT270||L1_HTT280||L1_HTT300||L1_HTT320		
		HLT_DoubleEle8_CaloIdM_TrackIdM_Mass8_PFHT300_v7	null	1	1	1	1	1	1	1	1	1	1	1	1	L1_DoubleEG6_HTT255||L1_HTT160||L1_HTT200||L1_HTT220||L1_HTT240||L1_HTT255||L1_HTT270||L1_HTT280||L1_HTT300||L1_HTT320		
		HLT_DoublePhoton60_v4	null	1	1	1	1	1	1	1	1	1	1	1	1	L1_SingleEG30||L1_SingleEG34||L1_SingleEG40||L1_DoubleEG_18_17||L1_DoubleEG_20_18||L1_DoubleEG_22_10||L1_DoubleEG_22_12||L1_DoubleEG_22_15||L1_DoubleEG_23_10||L1_DoubleEG_24_17||L1_SingleJet170||L1_SingleJet180||L1_SingleJet200||L1_SingleTau100er||L1_SingleTau120er		
		HLT_DoublePhoton85_v5	Egamma,EXO	1	1	1	1	1	1	1	1	1	1	1	1	L1_SingleEG30||L1_SingleEG34||L1_SingleEG40||L1_DoubleEG_18_17||L1_DoubleEG_20_18||L1_DoubleEG_22_10||L1_DoubleEG_22_12||L1_DoubleEG_22_15||L1_DoubleEG_23_10||L1_DoubleEG_24_17||L1_SingleJet170||L1_SingleJet180||L1_SingleJet200||L1_SingleTau100er||L1_SingleTau120er		
		HLT_ECALHT800_v3	exotica	1	1	1	1	1	1	1	1	1	1	1	1	L1_HTT300||L1_ETM70		
		HLT_Ele10_CaloIdM_TrackIdM_CentralPFJet30_BTagCSV_p13_v4	null	1	1	1	1	1	1	1	1	1	1	1	1	L1_Jet32_Mu0_EG10_dPhi_Jet_Mu_Max0p4_dPhi_Mu_EG_Min1p0		
		HLT_Ele12_CaloIdL_TrackIdL_IsoVL_PFJet30_v6	SUSY	4	4	4	20	20	20	20	20	15	10	10	10	L1_SingleEG10||L1_SingleEG15		
		HLT_Ele12_CaloIdL_TrackIdL_IsoVL_v6	HIG	8	8	8	40	40	40	40	40	30	20	20	20	L1_SingleEG10||L1_SingleEG15		
		HLT_Ele12_CaloIdM_TrackIdM_PFJet30_v6	SUSY	4	4	4	20	20	20	20	20	15	10	10	10	L1_SingleEG10||L1_SingleEG15		
		HLT_Ele16_Ele12_Ele8_CaloIdL_TrackIdL_v6	HIG	1	1	1	1	1	1	1	1	1	1	1	1	L1_TripleEG_14_10_8		
		HLT_Ele17_CaloIdL_GsfTrkIdVL_v4	null	5	4	3	24	24	24	24	24	24	24	24	24	L1_SingleEG15		
		HLT_Ele17_CaloIdL_TrackIdL_IsoVL_PFJet30_v4	SUSY	1	1	1	4	4	4	4	4	4	4	4	4	L1_SingleEG15		
		HLT_Ele17_CaloIdL_TrackIdL_IsoVL_v5	HIG	4	4	4	24	4	4	4	4	4	4	4	4	L1_SingleEG15		
		HLT_Ele17_CaloIdM_TrackIdM_PFJet30_v4	SUSY	1	1	1	4	4	4	4	4	4	4	4	4	L1_SingleEG15		
		HLT_Ele17_Ele12_CaloIdL_TrackIdL_IsoVL_DZ_v6	HIG	0	1	1	1	1	1	1	1	1	1	1	1	L1_SingleEG30||L1_SingleEG34||L1_SingleEG40||L1_SingleIsoEG22er||L1_SingleIsoEG24er||L1_SingleIsoEG26er||L1_SingleIsoEG24||L1_SingleIsoEG26||L1_SingleIsoEG28||L1_DoubleEG_15_10||L1_DoubleEG_18_17||L1_DoubleEG_20_18||L1_DoubleEG_22_10||L1_DoubleEG_22_12||L1_DoubleEG_22_15||L1_DoubleEG_23_10||L1_DoubleEG_24_17		
		HLT_Ele17_Ele12_CaloIdL_TrackIdL_IsoVL_v6	HIG	30	23	20	15	10	5	3	2	1	1	1	1	L1_SingleEG30||L1_SingleEG34||L1_SingleEG40||L1_SingleIsoEG22er||L1_SingleIsoEG24er||L1_SingleIsoEG26er||L1_SingleIsoEG24||L1_SingleIsoEG26||L1_SingleIsoEG28||L1_DoubleEG_15_10||L1_DoubleEG_18_17||L1_DoubleEG_20_18||L1_DoubleEG_22_10||L1_DoubleEG_22_12||L1_DoubleEG_22_15||L1_DoubleEG_23_10||L1_DoubleEG_24_17		
		HLT_Ele23_CaloIdL_TrackIdL_IsoVL_PFJet30_v6	SUSY	1	1	1	4	4	4	4	4	4	4	4	4	L1_SingleEG15		
		HLT_Ele23_CaloIdL_TrackIdL_IsoVL_v6	HIG	1	1	1	1	1	1	280	200	140	100	60	30	L1_SingleEG18||L1_SingleEG24		
		HLT_Ele23_CaloIdM_TrackIdM_PFJet30_v6	SUSY	1	1	1	4	4	4	4	4	4	4	4	4	L1_SingleEG15		
		HLT_Ele23_Ele12_CaloIdL_TrackIdL_IsoVL_DZ_L1JetTauSeeded_v1	HIG	1	1	1	1	1	1	1	1	1	1	1	1	L1_SingleJet200||L1_SingleJet180||L1_SingleJet170||L1_SingleTau100er||L1_SingleTau120er		
		HLT_Ele23_Ele12_CaloIdL_TrackIdL_IsoVL_DZ_v6	HIG	1	1	1	1	1	1	1	1	1	1	1	1	L1_SingleEG30||L1_SingleEG34||L1_SingleEG40||L1_SingleIsoEG22er||L1_SingleIsoEG24er||L1_SingleIsoEG26er||L1_SingleIsoEG24||L1_SingleIsoEG26||L1_SingleIsoEG28||L1_DoubleEG_15_10||L1_DoubleEG_18_17||L1_DoubleEG_20_18||L1_DoubleEG_22_10||L1_DoubleEG_22_12||L1_DoubleEG_22_15||L1_DoubleEG_23_10||L1_DoubleEG_24_17		
		HLT_Ele23_Ele12_CaloIdL_TrackIdL_IsoVL_v6	HIG	10	7	6	5	3	2	1	1	1	1	1	1	L1_SingleEG30||L1_SingleEG34||L1_SingleEG40||L1_SingleIsoEG22er||L1_SingleIsoEG24er||L1_SingleIsoEG26er||L1_SingleIsoEG24||L1_SingleIsoEG26||L1_SingleIsoEG28||L1_DoubleEG_15_10||L1_DoubleEG_18_17||L1_DoubleEG_20_18||L1_DoubleEG_22_10||L1_DoubleEG_22_12||L1_DoubleEG_22_15||L1_DoubleEG_23_10||L1_DoubleEG_24_17		
		HLT_Ele27_HighEta_Ele20_Mass55_v4	ECAL DPG	1	1	1	1	1	1	1	1	1	1	1	1	L1_SingleEG30||L1_SingleEG34||L1_SingleEG40||L1_DoubleEG_15_10||L1_DoubleEG_18_17||L1_DoubleEG_20_18||L1_DoubleEG_22_10||L1_DoubleEG_22_12||L1_DoubleEG_22_15||L1_DoubleEG_23_10||L1_DoubleEG_24_17		
		HLT_Ele30WP60_Ele8_Mass55_v5	EGM	1	1	1	1	1	1	1	1	1	1	1	1	L1_SingleEG30||L1_SingleEG34||L1_SingleEG40||L1_SingleIsoEG22er||L1_SingleIsoEG24er||L1_SingleIsoEG26er||L1_SingleIsoEG24||L1_SingleIsoEG26||L1_SingleIsoEG28		
		HLT_Ele30WP60_SC4_Mass55_v6	HIG	2	2	2	1	1	1	1	1	1	1	1	1	L1_SingleEG30||L1_SingleEG34||L1_SingleEG40||L1_SingleIsoEG22er||L1_SingleIsoEG24er||L1_SingleIsoEG26er||L1_SingleIsoEG24||L1_SingleIsoEG26||L1_SingleIsoEG28		
		HLT_Ele8_CaloIdL_TrackIdL_IsoVL_PFJet30_v4	SUSY	1	1	1	1	1	1	1	1	1	1	1	1	L1_SingleEG10||L1_SingleEG5		
		HLT_Ele8_CaloIdM_TrackIdM_PFJet30_v6	SUSY	1	1	1	1	1	1	1	1	1	1	1	1	L1_SingleEG10||L1_SingleEG5		
		HLT_Photon26_R9Id85_OR_CaloId24b40e_Iso50T80L_Photon16_AND_HE10_R9Id65_Eta2_Mass60_v5	EXO long-lived	480	390	340	240	170	100	50	35	25	20	10	5	L1_SingleEG30||L1_SingleEG34||L1_SingleEG40||L1_DoubleEG_15_10||L1_DoubleEG_18_17||L1_DoubleEG_20_18||L1_DoubleEG_22_10||L1_DoubleEG_22_12||L1_DoubleEG_22_15||L1_DoubleEG_23_10||L1_DoubleEG_24_17		
		HLT_Photon36_R9Id85_OR_CaloId24b40e_Iso50T80L_Photon22_AND_HE10_R9Id65_Eta2_Mass15_v5	EXO long-lived	1	1	1	1	1	1	1	1	1	1	1	1	L1_SingleEG30||L1_SingleEG34||L1_SingleEG40||L1_DoubleEG_15_10||L1_DoubleEG_18_17||L1_DoubleEG_20_18||L1_DoubleEG_22_10||L1_DoubleEG_22_12||L1_DoubleEG_22_15||L1_DoubleEG_23_10||L1_DoubleEG_24_17		
		HLT_Photon42_R9Id85_OR_CaloId24b40e_Iso50T80L_Photon25_AND_HE10_R9Id65_Eta2_Mass15_v5	EXO long-lived	1	1	1	1	1	1	1	1	1	1	1	1	L1_SingleEG30||L1_SingleEG34||L1_SingleEG40||L1_DoubleEG_15_10||L1_DoubleEG_18_17||L1_DoubleEG_20_18||L1_DoubleEG_22_10||L1_DoubleEG_22_12||L1_DoubleEG_22_15||L1_DoubleEG_23_10||L1_DoubleEG_24_17		
	dataset SingleElectron																	
		HLT_Ele105_CaloIdVT_GsfTrkIdT_v6	EXO,,high pt unisolated single lepton trigger,use case is W'->enu but generally used in EXO	1	1	1	1	1	1	1	1	1	1	1	1	L1_SingleEG30||L1_SingleEG34||L1_SingleEG40||L1_SingleJet170||L1_SingleJet180||L1_SingleJet200||L1_SingleTau100er||L1_SingleTau120er		
		HLT_Ele115_CaloIdVT_GsfTrkIdT_v5	EXO	1	1	1	1	1	1	1	1	1	1	1	1	L1_SingleEG30||L1_SingleEG34||L1_SingleEG40||L1_SingleJet170||L1_SingleJet180||L1_SingleJet200||L1_SingleTau100er||L1_SingleTau120er		
		HLT_Ele15_IsoVVVL_BTagCSV_p067_PFHT400_v4	SUSY,electron+hadronic	10	6	5	3	2	1	1	1	1	1	1	1	(L1_HTT200||L1_HTT220||L1_HTT240||L1_HTT255||L1_HTT270||L1_HTT280||L1_HTT300||L1_HTT320)	AND	(L1_SingleEG5)
		HLT_Ele15_IsoVVVL_PFHT350_PFMET50_v5	SUSY,electron+hadronic	1	1	1	1	1	1	1	1	1	1	1	1	(L1_HTT200||L1_HTT220||L1_HTT240||L1_HTT255||L1_HTT270||L1_HTT280||L1_HTT300||L1_HTT320)	AND	(L1_SingleEG5)
		HLT_Ele15_IsoVVVL_PFHT350_v5	SUSY,electron+hadronic	10	1	1	1	1	1	1	1	1	1	1	1	(L1_HTT200||L1_HTT220||L1_HTT240||L1_HTT255||L1_HTT270||L1_HTT280||L1_HTT300||L1_HTT320)	AND	(L1_SingleEG5)
		HLT_Ele15_IsoVVVL_PFHT400_PFMET50_v3	SUSY,electron+hadronic	1	1	1	1	1	1	1	1	1	1	1	1	(L1_HTT200||L1_HTT220||L1_HTT240||L1_HTT255||L1_HTT270||L1_HTT280||L1_HTT300||L1_HTT320)	AND	(L1_SingleEG5)
		HLT_Ele15_IsoVVVL_PFHT400_v3	SUSY,electron+hadronic	1	1	1	1	1	1	1	1	1	1	1	1	(L1_HTT200||L1_HTT220||L1_HTT240||L1_HTT255||L1_HTT270||L1_HTT280||L1_HTT300||L1_HTT320)	AND	(L1_SingleEG5)
		HLT_Ele15_IsoVVVL_PFHT600_v6	SUSY,electron+hadronic	1	1	1	1	1	1	1	1	1	1	1	1	(L1_HTT200||L1_HTT220||L1_HTT240||L1_HTT255||L1_HTT270||L1_HTT280||L1_HTT300||L1_HTT320)	AND	(L1_SingleEG5)
		HLT_Ele22_eta2p1_WPLoose_Gsf_LooseIsoPFTau20_SingleL1_v5	TAU,HIG	1	1	1	1	1	1	1	1	1	1	1	1	L1_SingleIsoEG20er||L1_SingleIsoEG22er||L1_SingleEG40		
		HLT_Ele22_eta2p1_WPLoose_Gsf_v6	TAU,HIG	0	0	0	36	1	1	1	1	1	1	1	1	L1_SingleIsoEG20er||L1_SingleIsoEG22er||L1_SingleEG40		
		HLT_Ele23_WPLoose_Gsf_WHbbBoost_v5	null	0	0	0	0	1	1	1	1	1	1	1	1	L1_SingleEG30||L1_SingleEG34||L1_SingleEG40||L1_SingleIsoEG22er||L1_SingleIsoEG24er||L1_SingleIsoEG26er||L1_SingleIsoEG24||L1_SingleIsoEG26||L1_SingleIsoEG28		
		HLT_Ele23_WPLoose_Gsf_v6	SMP/Top/Higgs (?)	0	0	0	0	1	1	1	1	1	1	1	1	L1_SingleEG30||L1_SingleEG34||L1_SingleEG40||L1_SingleIsoEG22er||L1_SingleIsoEG24er||L1_SingleIsoEG26er||L1_SingleIsoEG24||L1_SingleIsoEG26||L1_SingleIsoEG28		
		HLT_Ele24_eta2p1_WPLoose_Gsf_LooseIsoPFTau20_SingleL1_v4	TAU,HIG	1	1	1	1	1	1	1	1	1	1	1	1	L1_SingleIsoEG22er||L1_SingleIsoEG24er||L1_SingleEG40		
		HLT_Ele24_eta2p1_WPLoose_Gsf_LooseIsoPFTau20_v4	TAU,HIG	1	1	1	1	1	1	1	1	1	1	1	1	L1_IsoEG22er_Tau20er_dEta_Min0p2		
		HLT_Ele24_eta2p1_WPLoose_Gsf_v4	TAU,HIG	100	80	72	48	1	1	1	1	1	1	1	1	L1_SingleIsoEG22er||L1_SingleIsoEG24er||L1_SingleEG40		
		HLT_Ele250_CaloIdVT_GsfTrkIdT_v4	AlCa	1	1	1	1	1	1	1	1	1	1	1	1	L1_SingleEG30||L1_SingleEG34||L1_SingleEG40||L1_SingleJet170||L1_SingleJet180||L1_SingleJet200||L1_SingleTau100er||L1_SingleTau120er		
		HLT_Ele25_WPTight_Gsf_v4	EGM	0	1	1	1	1	1	1	1	1	1	1	1	L1_SingleEG30||L1_SingleEG34||L1_SingleEG40||L1_SingleIsoEG22er||L1_SingleIsoEG24er||L1_SingleIsoEG26er||L1_SingleIsoEG24||L1_SingleIsoEG26||L1_SingleIsoEG28		
		HLT_Ele25_eta2p1_WPLoose_Gsf_v4	EGM	0	1	1	1	1	1	1	1	1	1	1	1	L1_SingleEG30||L1_SingleEG34||L1_SingleEG40||L1_SingleIsoEG22er||L1_SingleIsoEG24er||L1_SingleIsoEG26er||L1_SingleIsoEG24||L1_SingleIsoEG26||L1_SingleIsoEG28		
		HLT_Ele25_eta2p1_WPTight_Gsf_v4	EGM	1	1	1	1	1	1	1	1	1	1	1	1	L1_SingleEG30||L1_SingleEG34||L1_SingleEG40||L1_SingleIsoEG22er||L1_SingleIsoEG24er||L1_SingleIsoEG26er||L1_SingleIsoEG24||L1_SingleIsoEG26||L1_SingleIsoEG28		
		HLT_Ele27_WPLoose_Gsf_WHbbBoost_v5	null	1	1	1	1	1	1	1	1	1	1	1	1	L1_SingleEG30||L1_SingleEG34||L1_SingleEG40||L1_SingleIsoEG22er||L1_SingleIsoEG24er||L1_SingleIsoEG26er||L1_SingleIsoEG24||L1_SingleIsoEG26||L1_SingleIsoEG28		
		HLT_Ele27_WPLoose_Gsf_v4	Egamma /Top /SMP (?)/Higgs (?)	0	0	0	0	1	1	1	1	1	1	1	1	L1_SingleEG30||L1_SingleEG34||L1_SingleEG40||L1_SingleIsoEG22er||L1_SingleIsoEG24er||L1_SingleIsoEG26er||L1_SingleIsoEG24||L1_SingleIsoEG26||L1_SingleIsoEG28		
		HLT_Ele27_WPTight_Gsf_L1JetTauSeeded_v1	EGM	1	1	1	1	1	1	1	1	1	1	1	1	L1_SingleJet200||L1_SingleJet180||L1_SingleJet170||L1_SingleTau100er||L1_SingleTau120er		
		HLT_Ele27_WPTight_Gsf_v4	EGM	1	1	1	1	1	1	1	1	1	1	1	1	L1_SingleEG30||L1_SingleEG34||L1_SingleEG40||L1_SingleIsoEG22er||L1_SingleIsoEG24er||L1_SingleIsoEG26er||L1_SingleIsoEG24||L1_SingleIsoEG26||L1_SingleIsoEG28		
		HLT_Ele27_eta2p1_WPLoose_Gsf_DoubleMediumIsoPFTau32_Trk1_eta2p1_Reg_v4	TAU,HIG,EXO	1	1	1	1	1	1	1	1	1	1	1	1	L1_SingleEG30||L1_SingleEG34||L1_SingleEG40||L1_SingleIsoEG22er||L1_SingleIsoEG24er||L1_SingleIsoEG26er||L1_SingleIsoEG24||L1_SingleIsoEG26||L1_SingleIsoEG28		
		HLT_Ele27_eta2p1_WPLoose_Gsf_DoubleMediumIsoPFTau35_Trk1_eta2p1_Reg_v5	TAU,HIG,EXO	1	1	1	1	1	1	1	1	1	1	1	1	L1_SingleEG30||L1_SingleEG34||L1_SingleEG40||L1_SingleIsoEG22er||L1_SingleIsoEG24er||L1_SingleIsoEG26er||L1_SingleIsoEG24||L1_SingleIsoEG26||L1_SingleIsoEG28		
		HLT_Ele27_eta2p1_WPLoose_Gsf_DoubleMediumIsoPFTau40_Trk1_eta2p1_Reg_v6	TAU,HIG,EXO	0	1	1	1	1	1	1	1	1	1	1	1	L1_SingleEG30||L1_SingleEG34||L1_SingleEG40||L1_SingleIsoEG22er||L1_SingleIsoEG24er||L1_SingleIsoEG26er||L1_SingleIsoEG24||L1_SingleIsoEG26||L1_SingleIsoEG28		
		HLT_Ele27_eta2p1_WPLoose_Gsf_HT200_v5	ttH,Signal trigger for single electron+jets final state.	1	1	1	1	1	1	1	1	1	1	1	1	L1_EG27er_HTT200||L1_HTT280||L1_HTT300		
		HLT_Ele27_eta2p1_WPLoose_Gsf_LooseIsoPFTau20_SingleL1_v4	TAU,HIG	1	1	1	1	1	1	1	1	1	1	1	1	L1_SingleEG30||L1_SingleEG34||L1_SingleEG40||L1_SingleIsoEG22er||L1_SingleIsoEG24er||L1_SingleIsoEG26er||L1_SingleIsoEG24||L1_SingleIsoEG26||L1_SingleIsoEG28		
		HLT_Ele27_eta2p1_WPLoose_Gsf_v5	EGM	1	1	1	1	1	1	1	1	1	1	1	1	L1_SingleEG30||L1_SingleEG34||L1_SingleEG40||L1_SingleIsoEG22er||L1_SingleIsoEG24er||L1_SingleIsoEG26er||L1_SingleIsoEG24||L1_SingleIsoEG26||L1_SingleIsoEG28		
		HLT_Ele27_eta2p1_WPTight_Gsf_v5	Egamma	1	1	1	1	1	1	1	1	1	1	1	1	L1_SingleEG30||L1_SingleEG34||L1_SingleEG40||L1_SingleIsoEG22er||L1_SingleIsoEG24er||L1_SingleIsoEG26er||L1_SingleIsoEG24||L1_SingleIsoEG26||L1_SingleIsoEG28		
		HLT_Ele300_CaloIdVT_GsfTrkIdT_v4	AlCa	1	1	1	1	1	1	1	1	1	1	1	1	L1_SingleEG30||L1_SingleEG34||L1_SingleEG40||L1_SingleJet170||L1_SingleJet180||L1_SingleJet200||L1_SingleTau100er||L1_SingleTau120er		
		HLT_Ele32_eta2p1_WPLoose_Gsf_LooseIsoPFTau20_SingleL1_v4	TAU,HIG	1	1	1	1	1	1	1	1	1	1	1	1	L1_SingleEG30||L1_SingleEG34||L1_SingleEG40||L1_SingleIsoEG22er||L1_SingleIsoEG24er||L1_SingleIsoEG26er||L1_SingleIsoEG24||L1_SingleIsoEG26||L1_SingleIsoEG28		
		HLT_Ele32_eta2p1_WPTight_Gsf_v5	Egamma	1	1	1	1	1	1	1	1	1	1	1	1	L1_SingleEG30||L1_SingleEG34||L1_SingleEG40||L1_SingleIsoEG22er||L1_SingleIsoEG24er||L1_SingleIsoEG26er||L1_SingleIsoEG24||L1_SingleIsoEG26||L1_SingleIsoEG28		
		HLT_Ele35_CaloIdVT_GsfTrkIdT_PFJet150_PFJet50_v4	B2G,,High pt unisolated lepton trigger plus jets in a boosted regime	0	1	1	1	1	1	1	1	1	1	1	1	L1_SingleEG26		
		HLT_Ele35_WPLoose_Gsf_v4	EGM	0	1	1	1	1	1	1	1	1	1	1	1	L1_SingleEG30||L1_SingleEG34||L1_SingleEG40||L1_SingleIsoEG22er||L1_SingleIsoEG24er||L1_SingleIsoEG26er||L1_SingleIsoEG24||L1_SingleIsoEG26||L1_SingleIsoEG28		
		HLT_Ele45_CaloIdVT_GsfTrkIdT_PFJet200_PFJet50_v6	B2G,,High pt unisolated lepton trigger plus jets in a boosted regime	1	1	1	1	1	1	1	1	1	1	1	1	L1_SingleEG40		
		HLT_Ele45_WPLoose_Gsf_L1JetTauSeeded_v1	EGM	1	1	1	1	1	1	1	1	1	1	1	1	L1_SingleJet200||L1_SingleJet180||L1_SingleJet170||L1_SingleTau100er||L1_SingleTau120er		
		HLT_Ele45_WPLoose_Gsf_v4	EGM	1	1	1	1	1	1	1	1	1	1	1	1	L1_SingleEG30||L1_SingleEG34||L1_SingleEG40||L1_SingleIsoEG22er||L1_SingleIsoEG24er||L1_SingleIsoEG26er||L1_SingleIsoEG24||L1_SingleIsoEG26||L1_SingleIsoEG28		
		HLT_Ele50_CaloIdVT_GsfTrkIdT_PFJet140_v4	B2G,,High pt unisolated lepton trigger plus jets in a boosted regime	1	1	1	1	1	1	1	1	1	1	1	1	L1_SingleEG40		
		HLT_Ele50_CaloIdVT_GsfTrkIdT_PFJet165_v4	B2G,,High pt unisolated lepton trigger plus jets in a boosted regime	1	1	1	1	1	1	1	1	1	1	1	1	L1_SingleEG40		
		HLT_Ele50_IsoVVVL_PFHT400_v3	SUSY,electron+hadronic	1	1	1	1	1	1	1	1	1	1	1	1	(L1_HTT200||L1_HTT220||L1_HTT240||L1_HTT255||L1_HTT270||L1_HTT280||L1_HTT300||L1_HTT320)	AND	(L1_SingleEG5)
	dataset SinglePhoton																	
		HLT_Photon120_R9Id90_HE10_Iso40_EBOnly_PFMET40_v6	HIG	1	1	1	1	1	1	1	1	1	1	1	1	L1_SingleEG40		
		HLT_Photon120_R9Id90_HE10_Iso40_EBOnly_VBF_v5	HIG	1	1	1	1	1	1	1	1	1	1	1	1	L1_SingleEG40		
		HLT_Photon120_R9Id90_HE10_IsoM_v6	SMP,SUS	4	2	2	2	1	1	1	1	1	1	1	1	L1_SingleEG34||L1_SingleEG40		
		HLT_Photon120_v6	SMP	100	90	75	50	30	15	10	4	4	3	2	1	L1_SingleEG34||L1_SingleEG40		
		HLT_Photon135_PFMET100_v4	EXO	1	1	1	1	1	1	1	1	1	1	1	1	L1_SingleEG30||L1_SingleEG34||L1_SingleEG40||L1_SingleJet170||L1_SingleJet180||L1_SingleJet200||L1_SingleTau100er||L1_SingleTau120er		
		HLT_Photon165_HE10_v6	Egamma	1	1	1	1	1	1	1	1	1	1	1	1	L1_SingleEG30||L1_SingleEG34||L1_SingleEG40||L1_SingleJet170||L1_SingleJet180||L1_SingleJet200||L1_SingleTau100er||L1_SingleTau120er		
		HLT_Photon165_R9Id90_HE10_IsoM_v6	SMP	1	1	1	1	1	1	1	1	1	1	1	1	L1_SingleEG30||L1_SingleEG34||L1_SingleEG40||L1_SingleJet170||L1_SingleJet180||L1_SingleJet200||L1_SingleTau100er||L1_SingleTau120er		
		HLT_Photon175_v6	Egamma	1	1	1	1	1	1	1	1	1	1	1	1	L1_SingleEG30||L1_SingleEG34||L1_SingleEG40||L1_SingleJet170||L1_SingleJet180||L1_SingleJet200||L1_SingleTau100er||L1_SingleTau120er		
		HLT_Photon22_R9Id90_HE10_Iso40_EBOnly_PFMET40_v6	HIG	1	1	1	1	1	1	20	16	12	8	4	2	L1_SingleEG24		
		HLT_Photon22_R9Id90_HE10_Iso40_EBOnly_VBF_v5	HIG	1	1	1	1	1	1	5	4	3	2	1	1	L1_SingleEG24		
		HLT_Photon22_R9Id90_HE10_IsoM_v5	SMP,SUS	1	1	1	1	1	1	90	64	90	64	36	18	L1_SingleEG18		
		HLT_Photon22_v5	SMP	12	12	12	12	12	12	1100	800	1100	800	440	220	L1_SingleEG18		
		HLT_Photon250_NoHE_v5	HIG	1	1	1	1	1	1	1	1	1	1	1	1	L1_SingleEG30||L1_SingleEG34||L1_SingleEG40||L1_SingleJet170||L1_SingleJet180||L1_SingleJet200||L1_SingleTau100er||L1_SingleTau120er		
		HLT_Photon300_NoHE_v5	HIG	1	1	1	1	1	1	1	1	1	1	1	1	L1_SingleEG30||L1_SingleEG34||L1_SingleEG40||L1_SingleJet170||L1_SingleJet180||L1_SingleJet200||L1_SingleTau100er||L1_SingleTau120er		
		HLT_Photon30_R9Id90_HE10_IsoM_v6	SMP,SUS	2	2	2	2	2	2	50	36	24	18	8	4	L1_SingleEG26		
		HLT_Photon30_v6	SMP	30	30	30	30	30	30	700	500	350	250	140	70	L1_SingleEG26		
		HLT_Photon36_R9Id90_HE10_Iso40_EBOnly_PFMET40_v6	HIG	1	1	1	1	1	1	1	1	1	1	1	1	L1_SingleEG30		
		HLT_Photon36_R9Id90_HE10_Iso40_EBOnly_VBF_v5	HIG	1	1	1	1	1	1	1	1	1	1	1	1	L1_SingleEG30		
		HLT_Photon36_R9Id90_HE10_IsoM_v6	SMP,SUS	1	1	1	1	1	1	25	18	12	9	4	2	L1_SingleEG26		
		HLT_Photon36_v6	SMP	15	15	15	15	15	15	350	250	175	125	70	35	L1_SingleEG26		
		HLT_Photon500_v4	PPD	1	1	1	1	1	1	1	1	1	1	1	1	L1_SingleEG30||L1_SingleEG34||L1_SingleEG40||L1_SingleJet170||L1_SingleJet180||L1_SingleJet200||L1_SingleTau100er||L1_SingleTau120er		
		HLT_Photon50_R9Id90_HE10_Iso40_EBOnly_PFMET40_v6	HIG	1	1	1	1	1	1	1	1	1	1	1	1	L1_SingleEG40		
		HLT_Photon50_R9Id90_HE10_Iso40_EBOnly_VBF_v5	HIG	1	1	1	1	1	1	1	1	1	1	1	1	L1_SingleEG40		
		HLT_Photon50_R9Id90_HE10_IsoM_v6	SMP,SUS	120	80	60	48	30	20	10	6	4	3	2	2	L1_SingleEG34||L1_SingleEG40		
		HLT_Photon50_v6	SMP	2000	1800	1500	1000	720	360	200	160	96	72	40	20	L1_SingleEG34||L1_SingleEG40		
		HLT_Photon600_v4	PPD	1	1	1	1	1	1	1	1	1	1	1	1	L1_SingleEG30||L1_SingleEG34||L1_SingleEG40||L1_SingleJet170||L1_SingleJet180||L1_SingleJet200||L1_SingleTau100er||L1_SingleTau120er		
		HLT_Photon75_R9Id90_HE10_Iso40_EBOnly_PFMET40_v6	HIG	1	1	1	1	1	1	1	1	1	1	1	1	L1_SingleEG40		
		HLT_Photon75_R9Id90_HE10_Iso40_EBOnly_VBF_v5	HIG	3	1	1	1	1	1	1	1	1	1	1	1	L1_SingleEG40		
		HLT_Photon75_R9Id90_HE10_IsoM_v6	SMP,SUS	24	16	12	8	6	4	2	2	1	1	1	1	L1_SingleEG34||L1_SingleEG40		
		HLT_Photon75_v6	SMP	400	360	300	200	120	90	40	32	16	12	8	4	L1_SingleEG34||L1_SingleEG40		
		HLT_Photon90_CaloIdL_PFHT500_v6	SUSY	1	1	1	1	1	1	1	1	1	1	1	1	L1_SingleEG34||L1_SingleEG40		
		HLT_Photon90_CaloIdL_PFHT600_v5	SUSY,EXO	1	1	1	1	1	1	1	1	1	1	1	1	L1_SingleEG34||L1_SingleEG40		
		HLT_Photon90_R9Id90_HE10_Iso40_EBOnly_PFMET40_v6	HIG	3	1	1	1	1	1	1	1	1	1	1	1	L1_SingleEG40		
		HLT_Photon90_R9Id90_HE10_Iso40_EBOnly_VBF_v5	HIG	2	1	1	1	1	1	1	1	1	1	1	1	L1_SingleEG40		
		HLT_Photon90_R9Id90_HE10_IsoM_v6	SMP,SUS	12	8	6	4	3	2	1	1	1	1	1	1	L1_SingleEG34||L1_SingleEG40		
		HLT_Photon90_v6	SMP	200	180	150	100	60	45	20	16	8	6	4	2	L1_SingleEG34||L1_SingleEG40		
stream PhysicsEndOfFill																		
	dataset HINCaloJets																	
		HLT_AK4CaloJet100_v3	HIN	0	0	0	0	0	0	0	0	0	0	0	0	L1_SingleJet35		
		HLT_AK4CaloJet30_v4	HIN	0	0	0	0	0	0	0	0	0	0	0	0	L1_MinimumBiasHF0_OR_BptxAND		
		HLT_AK4CaloJet40_v3	HIN	0	0	0	0	0	0	0	0	0	0	0	0	L1_MinimumBiasHF0_OR_BptxAND		
		HLT_AK4CaloJet50_v3	HIN	0	0	0	0	0	0	0	0	0	0	0	0	L1_MinimumBiasHF0_OR_BptxAND		
		HLT_AK4CaloJet80_v3	HIN	0	0	0	0	0	0	0	0	0	0	0	0	L1_SingleJet35		
	dataset HINPFJets																	
		HLT_AK4PFJet100_v4	HIN	0	0	0	0	0	0	0	0	0	0	0	0	L1_SingleJet35		
		HLT_AK4PFJet30_v4	HIN	0	0	0	0	0	0	0	0	0	0	0	0	L1_MinimumBiasHF0_OR_BptxAND		
		HLT_AK4PFJet50_v4	HIN	0	0	0	0	0	0	0	0	0	0	0	0	L1_MinimumBiasHF0_OR_BptxAND		
		HLT_AK4PFJet80_v4	HIN	0	0	0	0	0	0	0	0	0	0	0	0	L1_SingleJet35		
	dataset HINPhoton																	
		HLT_HISinglePhoton10_v3	HIN	0	0	0	0	0	0	0	0	0	0	0	0	L1_SingleEG2_BptxAND		
		HLT_HISinglePhoton15_v3	HIN	0	0	0	0	0	0	0	0	0	0	0	0	L1_SingleEG2_BptxAND		
		HLT_HISinglePhoton20_v3	HIN	0	0	0	0	0	0	0	0	0	0	0	0	L1_SingleEG2_BptxAND		
		HLT_HISinglePhoton40_v3	HIN	0	0	0	0	0	0	0	0	0	0	0	0	L1_SingleEG5		
		HLT_HISinglePhoton60_v3	Egamma	0	0	0	0	0	0	0	0	0	0	0	0	L1_SingleEG5		
	dataset HighMultiplicity85EOF																	
		HLT_PixelTracks_Multiplicity85ForEndOfFill_v2	FSQ,HIN	0	0	0	0	0	0	0	0	0	0	0	0	L1_ETT25_BptxAND		
	dataset HighMultiplicityEOF																	
		HLT_FullTracks_Multiplicity100_v2	FSQ,HIN	0	0	0	0	0	0	0	0	0	0	0	0	L1_ETT35_BptxAND		
		HLT_FullTracks_Multiplicity130_v2	FSQ,HIN	0	0	0	0	0	0	0	0	0	0	0	0	L1_ETT50_BptxAND		
		HLT_FullTracks_Multiplicity150_v2	FSQ,HIN	0	0	0	0	0	0	0	0	0	0	0	0	L1_ETT60_BptxAND		
		HLT_FullTracks_Multiplicity80_v2	FSQ,HIN	0	0	0	0	0	0	0	0	0	0	0	0	L1_MinimumBiasHF0_OR_BptxAND		
		HLT_PixelTracks_Multiplicity110ForEndOfFill_v3	FSQ,HIN	0	0	0	0	0	0	0	0	0	0	0	0	L1_ETT35_BptxAND		
		HLT_PixelTracks_Multiplicity135ForEndOfFill_v3	FSQ,HIN	0	0	0	0	0	0	0	0	0	0	0	0	L1_ETT35_BptxAND		
		HLT_PixelTracks_Multiplicity160ForEndOfFill_v3	FSQ,HIN	0	0	0	0	0	0	0	0	0	0	0	0	L1_ETT60_BptxAND		
		HLT_PixelTracks_Multiplicity60ForEndOfFill_v2	FSQ,HIN	0	0	0	0	0	0	0	0	0	0	0	0	L1_ETT25_BptxAND		
stream PhysicsHadronsTaus																		
	dataset BTagCSV																	
		HLT_DoubleJet90_Double30_DoubleBTagCSV_p087_v2	HIG (Hbb)	50	30	25	18	12	7	3	2	1	1	1	1	L1_TripleJet_84_68_48_VBF||L1_TripleJet_88_72_56_VBF||L1_TripleJet_92_76_64_VBF||L1_HTT280||L1_HTT300||L1_HTT320||L1_SingleJet170||L1_SingleJet180||L1_SingleJet200||L1_DoubleJetC100||L1_DoubleJetC112||L1_DoubleJetC120		
		HLT_DoubleJet90_Double30_TripleBTagCSV_p087_v2	HIG (Hbb)	1	1	1	1	1	1	1	1	1	1	1	1	L1_TripleJet_84_68_48_VBF||L1_TripleJet_88_72_56_VBF||L1_TripleJet_92_76_64_VBF||L1_HTT280||L1_HTT300||L1_HTT320||L1_SingleJet170||L1_SingleJet180||L1_SingleJet200||L1_DoubleJetC100||L1_DoubleJetC112||L1_DoubleJetC120		
		HLT_DoubleJetsC100_DoubleBTagCSV_p014_DoublePFJetsC100MaxDeta1p6_v2	Higgs,Analysis	1	1	1	1	1	1	1	1	1	1	1	1	L1_DoubleJetC100		
		HLT_DoubleJetsC100_DoubleBTagCSV_p026_DoublePFJetsC160_v2	Higgs,Analysis	1	1	1	1	1	1	1	1	1	1	1	1	L1_DoubleJetC100		
		HLT_DoubleJetsC100_SingleBTagCSV_p014_SinglePFJetC350_v2	Higgs,Analysis	1	1	1	1	1	1	1	1	1	1	1	1	L1_DoubleJetC100		
		HLT_DoubleJetsC100_SingleBTagCSV_p014_v2	Higgs,Analysis	50	30	25	18	12	7	3	2	1	1	1	1	L1_DoubleJetC100		
		HLT_DoubleJetsC100_SingleBTagCSV_p026_SinglePFJetC350_v2	Higgs,Analysis	1	1	1	1	1	1	1	1	1	1	1	1	L1_DoubleJetC100		
		HLT_DoubleJetsC100_SingleBTagCSV_p026_v2	Higgs,Analysis	50	30	25	18	12	7	3	2	1	1	1	1	L1_DoubleJetC100		
		HLT_DoubleJetsC112_DoubleBTagCSV_p014_DoublePFJetsC112MaxDeta1p6_v2	Higgs,Analysis	1	1	1	1	1	1	1	1	1	1	1	1	L1_DoubleJetC112		
		HLT_DoubleJetsC112_DoubleBTagCSV_p026_DoublePFJetsC172_v2	Higgs,Analysis	1	1	1	1	1	1	1	1	1	1	1	1	L1_DoubleJetC112		
		HLT_QuadJet45_DoubleBTagCSV_p087_v3	HIG (Hbb)	50	30	25	18	12	7	3	2	1	1	1	1	L1_QuadJetC50||L1_QuadJetC60||L1_HTT280||L1_HTT300||L1_HTT320||L1_TripleJet_84_68_48_VBF||L1_TripleJet_88_72_56_VBF||L1_TripleJet_92_76_64_VBF		
		HLT_QuadJet45_TripleBTagCSV_p087_v3	HIG (Hbb)	1	1	1	1	1	1	1	1	1	1	1	1	L1_QuadJetC50||L1_QuadJetC60||L1_HTT280||L1_HTT300||L1_HTT320||L1_TripleJet_84_68_48_VBF||L1_TripleJet_88_72_56_VBF||L1_TripleJet_92_76_64_VBF		
		HLT_QuadPFJet_BTagCSV_p016_VBF_Mqq460_v2	HIG (Hbb)	0	1	1	1	1	1	1	1	1	1	1	1	L1_TripleJet_84_68_48_VBF||L1_TripleJet_88_72_56_VBF||L1_TripleJet_92_76_64_VBF||L1_HTT280||L1_HTT300||L1_HTT320||L1_SingleJet170||L1_SingleJet180||L1_SingleJet200||L1_DoubleJetC100||L1_DoubleJetC112||L1_DoubleJetC120		
		HLT_QuadPFJet_BTagCSV_p016_VBF_Mqq500_v2	HIG (Hbb)	1	1	1	1	1	1	1	1	1	1	1	1	L1_TripleJet_84_68_48_VBF||L1_TripleJet_88_72_56_VBF||L1_TripleJet_92_76_64_VBF||L1_HTT280||L1_HTT300||L1_HTT320||L1_SingleJet170||L1_SingleJet180||L1_SingleJet200||L1_DoubleJetC100||L1_DoubleJetC112||L1_DoubleJetC120		
		HLT_QuadPFJet_BTagCSV_p016_p11_VBF_Mqq200_v2	HIG (Hbb)	0	1	1	1	1	1	1	1	1	1	1	1	L1_TripleJet_84_68_48_VBF||L1_TripleJet_88_72_56_VBF||L1_TripleJet_92_76_64_VBF||L1_HTT280||L1_HTT300||L1_HTT320||L1_SingleJet170||L1_SingleJet180||L1_SingleJet200||L1_DoubleJetC100||L1_DoubleJetC112||L1_DoubleJetC120		
		HLT_QuadPFJet_BTagCSV_p016_p11_VBF_Mqq240_v2	HIG (Hbb)	1	1	1	1	1	1	1	1	1	1	1	1	L1_TripleJet_84_68_48_VBF||L1_TripleJet_88_72_56_VBF||L1_TripleJet_92_76_64_VBF||L1_HTT280||L1_HTT300||L1_HTT320||L1_SingleJet170||L1_SingleJet180||L1_SingleJet200||L1_DoubleJetC100||L1_DoubleJetC112||L1_DoubleJetC120		
		HLT_Rsq0p02_MR300_TriPFJet80_60_40_BTagCSV_p063_p20_Mbb60_200_v2	null	0	0	0	0	0	0	0	0	0	0	0	0	L1_HTT160||L1_HTT200||L1_HTT220||L1_HTT240||L1_HTT255||L1_HTT270||L1_HTT280||L1_HTT300||L1_SingleJet120||L1_SingleJet140||L1_SingleJet150||L1_SingleJet160||L1_SingleJet170||L1_SingleJet180||L1_SingleJet200||L1_DoubleJetC80||L1_DoubleJetC100||L1_QuadJetC40||L1_QuadJetC50||L1_QuadJetC60||L1_Mu6_HTT200||L1_Mu8_HTT150||L1_EG27er_HTT200||L1_EG25er_HTT125||L1_DoubleEG6_HTT255		
		HLT_Rsq0p02_MR300_TriPFJet80_60_40_DoubleBTagCSV_p063_Mbb60_200_v2	SUSY	1	1	1	1	1	1	1	1	1	1	1	1	L1_HTT160||L1_HTT200||L1_HTT220||L1_HTT240||L1_HTT255||L1_HTT270||L1_HTT280||L1_HTT300||L1_SingleJet120||L1_SingleJet140||L1_SingleJet150||L1_SingleJet160||L1_SingleJet170||L1_SingleJet180||L1_SingleJet200||L1_DoubleJetC80||L1_DoubleJetC100||L1_QuadJetC40||L1_QuadJetC50||L1_QuadJetC60||L1_Mu6_HTT200||L1_Mu8_HTT150||L1_EG27er_HTT200||L1_EG25er_HTT125||L1_DoubleEG6_HTT255		
	dataset BTagMu																	
		HLT_BTagMu_AK8Jet300_Mu5_v2	BTV	1	1	1	1	1	1	1	1	1	1	1	1	L1_SingleJet200		
		HLT_BTagMu_DiJet110_Mu5_v3	BTV	1	1	1	1	1	1	1	1	1	1	1	1	L1_Mu3_JetC60_dEta_Max0p4_dPhi_Max0p4		
		HLT_BTagMu_DiJet170_Mu5_v2	BTV	1	1	1	1	1	1	1	1	1	1	1	1	L1_Mu3_JetC120_dEta_Max0p4_dPhi_Max0p4		
		HLT_BTagMu_DiJet20_Mu5_v3	BTV	5	5	5	5	5	5	5	4	3	2	1	1	L1_Mu3_JetC16_dEta_Max0p4_dPhi_Max0p4		
		HLT_BTagMu_DiJet40_Mu5_v3	BTV	1	1	1	1	1	1	1	1	1	1	1	1	L1_Mu3_JetC16_dEta_Max0p4_dPhi_Max0p4		
		HLT_BTagMu_DiJet70_Mu5_v3	BTV	4	4	4	4	4	4	4	4	3	2	1	1	L1_Mu3_JetC60_dEta_Max0p4_dPhi_Max0p4		
		HLT_BTagMu_Jet300_Mu5_v3	BTV	1	1	1	1	1	1	1	1	1	1	1	1	L1_SingleJet200		
	dataset DisplacedJet																	
		HLT_HT200_DisplacedDijet40_DisplacedTrack_v3	EXO	20	20	20	20	20	20	20	20	20	20	20	20	L1_HTT160||L1_HTT200||L1_HTT220||L1_HTT240||L1_HTT255||L1_HTT270||L1_HTT280||L1_HTT300||L1_HTT320		
		HLT_HT200_v3	EXO	6720	5370	4700	3400	2400	1300	680	480	340	240	140	60	L1_HTT160||L1_HTT200||L1_HTT220||L1_HTT240||L1_HTT255||L1_HTT270||L1_HTT280||L1_HTT300||L1_HTT320		
		HLT_HT250_DisplacedDijet40_DisplacedTrack_v4	EXO	1	1	1	1	1	1	1	1	1	1	1	1	L1_HTT160||L1_HTT200||L1_HTT220||L1_HTT240||L1_HTT255||L1_HTT270||L1_HTT280||L1_HTT300||L1_HTT320		
		HLT_HT275_v3	EXO	3360	2700	2360	1680	1180	660	340	240	160	120	60	20	L1_HTT160||L1_HTT200||L1_HTT220||L1_HTT240||L1_HTT255||L1_HTT270||L1_HTT280||L1_HTT300||L1_HTT320		
		HLT_HT325_v3	EXO	1840	1490	1300	920	640	360	180	120	80	60	40	20	L1_HTT160||L1_HTT200||L1_HTT220||L1_HTT240||L1_HTT255||L1_HTT270||L1_HTT280||L1_HTT300||L1_HTT320		
		HLT_HT350_DisplacedDijet40_DisplacedTrack_v4	EXO	1	1	1	1	1	1	1	1	1	1	1	1	L1_HTT160||L1_HTT200||L1_HTT220||L1_HTT240||L1_HTT255||L1_HTT270||L1_HTT280||L1_HTT300||L1_HTT320		
		HLT_HT350_DisplacedDijet40_Inclusive_v3	EXO	45	45	45	45	45	45	45	45	45	45	45	45	L1_HTT160||L1_HTT200||L1_HTT220||L1_HTT240||L1_HTT255||L1_HTT270||L1_HTT280||L1_HTT300||L1_HTT320		
		HLT_HT350_DisplacedDijet80_DisplacedTrack_v4	EXO	1	1	1	1	1	1	1	1	1	1	1	1	L1_HTT160||L1_HTT200||L1_HTT220||L1_HTT240||L1_HTT255||L1_HTT270||L1_HTT280||L1_HTT300||L1_HTT320		
		HLT_HT350_DisplacedDijet80_Tight_DisplacedTrack_v4	EXO	1	1	1	1	1	1	1	1	1	1	1	1	L1_HTT160||L1_HTT200||L1_HTT220||L1_HTT240||L1_HTT255||L1_HTT270||L1_HTT280||L1_HTT300||L1_HTT320		
		HLT_HT400_DisplacedDijet40_Inclusive_v4	EXO	120	80	50	1	1	1	1	1	1	1	1	1	L1_HTT160||L1_HTT200||L1_HTT220||L1_HTT240||L1_HTT255||L1_HTT270||L1_HTT280||L1_HTT300||L1_HTT320		
		HLT_HT425_v3	EXO	600	480	420	300	200	120	60	40	20	20	10	5	L1_HTT160||L1_HTT200||L1_HTT220||L1_HTT240||L1_HTT255||L1_HTT270||L1_HTT280||L1_HTT300||L1_HTT320		
		HLT_HT500_DisplacedDijet40_Inclusive_v4	EXO	60	40	1	1	1	1	1	1	1	1	1	1	L1_HTT160||L1_HTT200||L1_HTT220||L1_HTT240||L1_HTT255||L1_HTT270||L1_HTT280||L1_HTT300||L1_HTT320		
		HLT_HT550_DisplacedDijet40_Inclusive_v4	EXO	0	1	1	1	1	1	1	1	1	1	1	1	L1_HTT160||L1_HTT200||L1_HTT220||L1_HTT240||L1_HTT255||L1_HTT270||L1_HTT280||L1_HTT300||L1_HTT320		
		HLT_HT575_v3	EXO	140	110	100	60	40	20	10	10	8	6	3	2	L1_HTT160||L1_HTT200||L1_HTT220||L1_HTT240||L1_HTT255||L1_HTT270||L1_HTT280||L1_HTT300||L1_HTT320		
		HLT_HT650_DisplacedDijet80_Inclusive_v4	EXO	1	1	1	1	1	1	1	1	1	1	1	1	L1_HTT160||L1_HTT200||L1_HTT220||L1_HTT240||L1_HTT255||L1_HTT270||L1_HTT280||L1_HTT300||L1_HTT320		
		HLT_HT750_DisplacedDijet80_Inclusive_v4	EXO	1	1	1	1	1	1	1	1	1	1	1	1	L1_HTT160||L1_HTT200||L1_HTT220||L1_HTT240||L1_HTT255||L1_HTT270||L1_HTT280||L1_HTT300||L1_HTT320		
		HLT_VBF_DisplacedJet40_DisplacedTrack_2TrackIP2DSig5_v3	EXO	1	1	1	1	1	1	1	1	1	1	1	1	L1_TripleJet_84_68_48_VBF||L1_TripleJet_88_72_56_VBF||L1_TripleJet_92_76_64_VBF	||L1_HTT300	
		HLT_VBF_DisplacedJet40_DisplacedTrack_v3	EXO	1	1	1	1	1	1	1	1	1	1	1	1	L1_TripleJet_84_68_48_VBF||L1_TripleJet_88_72_56_VBF||L1_TripleJet_92_76_64_VBF	||L1_HTT300	
		HLT_VBF_DisplacedJet40_Hadronic_2PromptTrack_v3	EXO	1	1	1	1	1	1	1	1	1	1	1	1	L1_TripleJet_84_68_48_VBF||L1_TripleJet_88_72_56_VBF||L1_TripleJet_92_76_64_VBF	||L1_HTT300	
		HLT_VBF_DisplacedJet40_Hadronic_v3	EXO	1	1	1	1	1	1	1	1	1	1	1	1	L1_TripleJet_84_68_48_VBF||L1_TripleJet_88_72_56_VBF||L1_TripleJet_92_76_64_VBF	||L1_HTT300	
		HLT_VBF_DisplacedJet40_TightID_DisplacedTrack_v3	EXO	0	1	1	1	1	1	1	1	1	1	1	1	L1_TripleJet_84_68_48_VBF||L1_TripleJet_88_72_56_VBF||L1_TripleJet_92_76_64_VBF	||L1_HTT300	
		HLT_VBF_DisplacedJet40_TightID_Hadronic_v3	EXO	0	1	1	1	1	1	1	1	1	1	1	1	L1_TripleJet_84_68_48_VBF||L1_TripleJet_88_72_56_VBF||L1_TripleJet_92_76_64_VBF	||L1_HTT300	
		HLT_VBF_DisplacedJet40_VTightID_DisplacedTrack_v3	EXO	1	1	1	1	1	1	1	1	1	1	1	1	L1_TripleJet_84_68_48_VBF||L1_TripleJet_88_72_56_VBF||L1_TripleJet_92_76_64_VBF	||L1_HTT300	
		HLT_VBF_DisplacedJet40_VTightID_Hadronic_v3	EXO	1	1	1	1	1	1	1	1	1	1	1	1	L1_TripleJet_84_68_48_VBF||L1_TripleJet_88_72_56_VBF||L1_TripleJet_92_76_64_VBF	||L1_HTT300	
		HLT_VBF_DisplacedJet40_VVTightID_DisplacedTrack_v3	EXO	1	1	1	1	1	1	1	1	1	1	1	1	L1_TripleJet_84_68_48_VBF||L1_TripleJet_88_72_56_VBF||L1_TripleJet_92_76_64_VBF	||L1_HTT300	
		HLT_VBF_DisplacedJet40_VVTightID_Hadronic_v3	EXO	1	1	1	1	1	1	1	1	1	1	1	1	L1_TripleJet_84_68_48_VBF||L1_TripleJet_88_72_56_VBF||L1_TripleJet_92_76_64_VBF	||L1_HTT300	
	dataset HTMHT																	
		HLT_DiPFJet40_DEta3p5_MJJ600_PFMETNoMu140_v2	HIG	1	1	1	1	1	1	1	1	1	1	1	1	L1_ETM80||L1_ETM90||L1_ETM100		
		HLT_DiPFJet40_DEta3p5_MJJ600_PFMETNoMu80_v2	HIG,description	1	1	100	80	50	30	15	10	8	5	3	2	L1_ETM50||L1_ETM60		
		HLT_PFHT200_DiPFJetAve90_PFAlphaT0p57_v4	SUSY	150	1	1	1	1	1	1	1	1	1	1	1	L1_HTT160||L1_HTT200||L1_HTT220||L1_HTT240||L1_HTT255||L1_HTT270||L1_HTT280||L1_HTT300||L1_ETM50||L1_ETM60||L1_ETM70||L1_ETM80||L1_ETM90||L1_ETM100		
		HLT_PFHT200_DiPFJetAve90_PFAlphaT0p63_v4	SUSY	1	1	1	1	1	1	1	1	1	1	1	1	L1_HTT160||L1_HTT200||L1_HTT220||L1_HTT240||L1_HTT255||L1_HTT270||L1_HTT280||L1_HTT300||L1_ETM50||L1_ETM60||L1_ETM70||L1_ETM80||L1_ETM90||L1_ETM100		
		HLT_PFHT200_PFAlphaT0p51_v4	null	175	140	123	88	61	35	18	12	9	6	4	2	L1_HTT160||L1_HTT200||L1_HTT220||L1_HTT240||L1_HTT255||L1_HTT270||L1_HTT280||L1_HTT300||L1_ETM50||L1_ETM60||L1_ETM70||L1_ETM80||L1_ETM90||L1_ETM100		
		HLT_PFHT250_DiPFJetAve90_PFAlphaT0p55_v4	SUSY	1	1	1	1	1	1	1	1	1	1	1	1	L1_HTT160||L1_HTT200||L1_HTT220||L1_HTT240||L1_HTT255||L1_HTT270||L1_HTT280||L1_HTT300||L1_ETM50||L1_ETM60||L1_ETM70||L1_ETM80||L1_ETM90||L1_ETM100		
		HLT_PFHT250_DiPFJetAve90_PFAlphaT0p58_v4	SUSY	1	1	1	1	1	1	1	1	1	1	1	1	L1_HTT160||L1_HTT200||L1_HTT220||L1_HTT240||L1_HTT255||L1_HTT270||L1_HTT280||L1_HTT300||L1_ETM50||L1_ETM60||L1_ETM70||L1_ETM80||L1_ETM90||L1_ETM100		
		HLT_PFHT300_DiPFJetAve90_PFAlphaT0p53_v4	SUSY	1	1	1	1	1	1	1	1	1	1	1	1	L1_HTT160||L1_HTT200||L1_HTT220||L1_HTT240||L1_HTT255||L1_HTT270||L1_HTT280||L1_HTT300||L1_ETM50||L1_ETM60||L1_ETM70||L1_ETM80||L1_ETM90||L1_ETM100		
		HLT_PFHT300_DiPFJetAve90_PFAlphaT0p54_v4	SUSY	1	1	1	1	1	1	1	1	1	1	1	1	L1_HTT160||L1_HTT200||L1_HTT220||L1_HTT240||L1_HTT255||L1_HTT270||L1_HTT280||L1_HTT300||L1_ETM50||L1_ETM60||L1_ETM70||L1_ETM80||L1_ETM90||L1_ETM100		
		HLT_PFHT300_PFMET100_v3	SUSY,EXO	1	1	1	1	1	1	1	1	1	1	1	1	L1_HTT160||L1_HTT200||L1_HTT220||L1_HTT240||L1_HTT255||L1_HTT270||L1_HTT280||L1_HTT300||L1_HTT320		
		HLT_PFHT300_PFMET110_v3	SUSY,EXO	1	1	1	1	1	1	1	1	1	1	1	1	L1_HTT160||L1_HTT200||L1_HTT220||L1_HTT240||L1_HTT255||L1_HTT270||L1_HTT280||L1_HTT300||L1_HTT320		
		HLT_PFHT350_DiPFJetAve90_PFAlphaT0p52_v4	SUSY	1	1	1	1	1	1	1	1	1	1	1	1	L1_HTT160||L1_HTT200||L1_HTT220||L1_HTT240||L1_HTT255||L1_HTT270||L1_HTT280||L1_HTT300||L1_ETM50||L1_ETM60||L1_ETM70||L1_ETM80||L1_ETM90||L1_ETM100		
		HLT_PFHT350_DiPFJetAve90_PFAlphaT0p53_v4	SUSY	1	1	1	1	1	1	1	1	1	1	1	1	L1_HTT160||L1_HTT200||L1_HTT220||L1_HTT240||L1_HTT255||L1_HTT270||L1_HTT280||L1_HTT300||L1_ETM50||L1_ETM60||L1_ETM70||L1_ETM80||L1_ETM90||L1_ETM100		
		HLT_PFHT400_DiPFJetAve90_PFAlphaT0p51_v4	SUSY	1	1	1	1	1	1	1	1	1	1	1	1	L1_HTT160||L1_HTT200||L1_HTT220||L1_HTT240||L1_HTT255||L1_HTT270||L1_HTT280||L1_HTT300||L1_ETM50||L1_ETM60||L1_ETM70||L1_ETM80||L1_ETM90||L1_ETM100		
		HLT_PFHT400_DiPFJetAve90_PFAlphaT0p52_v4	SUSY	1	1	1	1	1	1	1	1	1	1	1	1	L1_HTT160||L1_HTT200||L1_HTT220||L1_HTT240||L1_HTT255||L1_HTT270||L1_HTT280||L1_HTT300||L1_ETM50||L1_ETM60||L1_ETM70||L1_ETM80||L1_ETM90||L1_ETM100		
		HLT_Rsq0p25_v3	SUSY	1	1	1	1	1	1	1	1	1	1	1	1	L1_HTT160||L1_HTT200||L1_HTT220||L1_HTT240||L1_HTT255||L1_HTT270||L1_HTT280||L1_HTT300||L1_SingleJet120||L1_SingleJet140||L1_SingleJet150||L1_SingleJet160||L1_SingleJet170||L1_SingleJet180||L1_SingleJet200||L1_DoubleJetC80||L1_DoubleJetC100||L1_QuadJetC40||L1_QuadJetC50||L1_QuadJetC60||L1_Mu6_HTT200||L1_Mu8_HTT150||L1_EG27er_HTT200||L1_EG25er_HTT125||L1_DoubleEG6_HTT255		
		HLT_Rsq0p30_v3	SUSY	1	1	1	1	1	1	1	1	1	1	1	1	L1_HTT160||L1_HTT200||L1_HTT220||L1_HTT240||L1_HTT255||L1_HTT270||L1_HTT280||L1_HTT300||L1_SingleJet120||L1_SingleJet140||L1_SingleJet150||L1_SingleJet160||L1_SingleJet170||L1_SingleJet180||L1_SingleJet200||L1_DoubleJetC80||L1_DoubleJetC100||L1_QuadJetC40||L1_QuadJetC50||L1_QuadJetC60||L1_Mu6_HTT200||L1_Mu8_HTT150||L1_EG27er_HTT200||L1_EG25er_HTT125||L1_DoubleEG6_HTT255		
		HLT_RsqMR240_Rsq0p09_MR200_4jet_v3	SUSY	1	1	1	1	1	1	1	1	1	1	1	1	L1_HTT160||L1_HTT200||L1_HTT220||L1_HTT240||L1_HTT255||L1_HTT270||L1_HTT280||L1_HTT300||L1_SingleJet120||L1_SingleJet140||L1_SingleJet150||L1_SingleJet160||L1_SingleJet170||L1_SingleJet180||L1_SingleJet200||L1_DoubleJetC80||L1_DoubleJetC100||L1_QuadJetC40||L1_QuadJetC50||L1_QuadJetC60||L1_Mu6_HTT200||L1_Mu8_HTT150||L1_EG27er_HTT200||L1_EG25er_HTT125||L1_DoubleEG6_HTT255		
		HLT_RsqMR240_Rsq0p09_MR200_v3	SUSY	1	1	1	1	1	1	1	1	1	1	1	1	L1_HTT160||L1_HTT200||L1_HTT220||L1_HTT240||L1_HTT255||L1_HTT270||L1_HTT280||L1_HTT300||L1_SingleJet120||L1_SingleJet140||L1_SingleJet150||L1_SingleJet160||L1_SingleJet170||L1_SingleJet180||L1_SingleJet200||L1_DoubleJetC80||L1_DoubleJetC100||L1_QuadJetC40||L1_QuadJetC50||L1_QuadJetC60||L1_Mu6_HTT200||L1_Mu8_HTT150||L1_EG27er_HTT200||L1_EG25er_HTT125||L1_DoubleEG6_HTT255		
		HLT_RsqMR270_Rsq0p09_MR200_4jet_v3	SUSY	1	1	1	1	1	1	1	1	1	1	1	1	L1_HTT160||L1_HTT200||L1_HTT220||L1_HTT240||L1_HTT255||L1_HTT270||L1_HTT280||L1_HTT300||L1_SingleJet120||L1_SingleJet140||L1_SingleJet150||L1_SingleJet160||L1_SingleJet170||L1_SingleJet180||L1_SingleJet200||L1_DoubleJetC80||L1_DoubleJetC100||L1_QuadJetC40||L1_QuadJetC50||L1_QuadJetC60||L1_Mu6_HTT200||L1_Mu8_HTT150||L1_EG27er_HTT200||L1_EG25er_HTT125||L1_DoubleEG6_HTT255		
		HLT_RsqMR270_Rsq0p09_MR200_v3	SUSY	1	1	1	1	1	1	1	1	1	1	1	1	L1_HTT160||L1_HTT200||L1_HTT220||L1_HTT240||L1_HTT255||L1_HTT270||L1_HTT280||L1_HTT300||L1_SingleJet120||L1_SingleJet140||L1_SingleJet150||L1_SingleJet160||L1_SingleJet170||L1_SingleJet180||L1_SingleJet200||L1_DoubleJetC80||L1_DoubleJetC100||L1_QuadJetC40||L1_QuadJetC50||L1_QuadJetC60||L1_Mu6_HTT200||L1_Mu8_HTT150||L1_EG27er_HTT200||L1_EG25er_HTT125||L1_DoubleEG6_HTT255		
	dataset JetHT																	
		HLT_AK8DiPFJet250_200_TrimMass30_BTagCSV_p20_v2	B2G PAG	0	1	1	1	1	1	1	1	1	1	1	1	L1_SingleJet180||L1_SingleJet200		
		HLT_AK8DiPFJet250_200_TrimMass30_v2	B2G PAG	0	35	35	25	15	10	5	3	2	1	1	1	L1_SingleJet180||L1_SingleJet200		
		HLT_AK8DiPFJet280_200_TrimMass30_BTagCSV_p20_v2	B2G PAG	1	1	1	1	1	1	1	1	1	1	1	1	L1_SingleJet180||L1_SingleJet200		
		HLT_AK8DiPFJet280_200_TrimMass30_v2	B2G PAG	35	20	20	15	10	6	3	2	1	1	1	1	L1_SingleJet180||L1_SingleJet200		
		HLT_AK8PFHT600_TrimR0p1PT0p03Mass50_BTagCSV_p20_v3	B2G	0	1	1	1	1	1	1	1	1	1	1	1	L1_HTT240||L1_HTT255||L1_HTT270||L1_HTT280||L1_HTT300||L1_HTT320		
		HLT_AK8PFHT650_TrimR0p1PT0p03Mass50_v4	B2G	0	1	1	1	1	1	1	1	1	1	1	1	L1_HTT240||L1_HTT255||L1_HTT270||L1_HTT280||L1_HTT300||L1_HTT320		
		HLT_AK8PFHT700_TrimR0p1PT0p03Mass50_v5	B2G	1	1	1	1	1	1	1	1	1	1	1	1	L1_HTT240||L1_HTT255||L1_HTT270||L1_HTT280||L1_HTT300||L1_HTT320		
		HLT_AK8PFJet140_v1	SMP	4	4	4	4	4	4	400	280	200	140	80	40	L1_SingleJet90		
		HLT_AK8PFJet200_v1	SMP	8	8	8	8	140	80	40	28	20	14	8	4	L1_SingleJet120		
		HLT_AK8PFJet260_v1	SMP	90	72	63	45	24	18	9	6	4	3	2	1	L1_SingleJet170		
		HLT_AK8PFJet320_v1	SMP	30	24	21	15	12	6	3	2	2	1	1	1	L1_SingleJet170		
		HLT_AK8PFJet360_TrimMass30_v4	B2G	1	1	1	1	1	1	1	1	1	1	1	1	L1_SingleJet180||L1_SingleJet200		
		HLT_AK8PFJet400_v1	SMP	10	8	7	5	3	2	1	1	1	1	1	1	L1_SingleJet170		
		HLT_AK8PFJet40_v2		1												L1_ZeroBias		
		HLT_AK8PFJet450_v1	SMP	1	1	1	1	1	1	1	1	1	1	1	1	L1_SingleJet170		
		HLT_AK8PFJet500_v1	SMP	1	1	1	1	1	1	1	1	1	1	1	1	L1_SingleJet170		
		HLT_AK8PFJet60_v1	SMP	50	50	50	40	50	50	50	50	50	50	50	50	L1_SingleJet35		
		HLT_AK8PFJet80_v1	SMP	50	50	50	50	200	200	200	200	200	260	200	150	L1_SingleJet60		
		HLT_CaloJet500_NoJetID_v4	null	1	1	1	1	1	1	1	1	1	1	1	1	L1_SingleJet170||L1_SingleJet180||L1_SingleJet200		
		HLT_DiCentralPFJet170_CFMax0p1_v2	EXO.	1	1	1	1	1	1	1	1	1	1	1	1	L1_DoubleJetC100||L1_DoubleJetC112||L1_DoubleJetC120||L1_SingleJet200		
		HLT_DiCentralPFJet170_v2	EXO.	1250	875	875	625	450	250	125	90	65	45	25	15	L1_DoubleJetC100||L1_DoubleJetC112||L1_DoubleJetC120||L1_SingleJet200		
		HLT_DiCentralPFJet220_CFMax0p3_v2	EXO.	1	1	1	1	1	1	1	1	1	1	1	1	L1_DoubleJetC100||L1_DoubleJetC112||L1_DoubleJetC120||L1_SingleJet200		
		HLT_DiCentralPFJet330_CFMax0p5_v2	EXO.	1	1	1	1	1	1	1	1	1	1	1	1	L1_DoubleJetC100||L1_DoubleJetC112||L1_DoubleJetC120||L1_SingleJet200		
		HLT_DiCentralPFJet430_v2	EXO.	1	1	1	1	1	1	1	1	1	1	1	1	L1_DoubleJetC100||L1_DoubleJetC112||L1_DoubleJetC120||L1_SingleJet200		
		HLT_DiPFJetAve100_HFJEC_v4	null	1	1	1	1	1	1	1	1	1	1	1	1	L1_SingleJet60		
		HLT_DiPFJetAve140_v3	JME	2	2	2	2	1	1	1	1	1	1	1	1	L1_SingleJet90		
		HLT_DiPFJetAve160_HFJEC_v4	null	48	24	24	16	12	6	3	2	1	1	1	1	L1_SingleJet120		
		HLT_DiPFJetAve200_v3	JME	250	125	125	85	60	35	16	12	9	6	4	2	L1_SingleJet120		
		HLT_DiPFJetAve220_HFJEC_v4	null	2	1	1	1	1	1	1	1	1	1	1	1	L1_SingleJet170		
		HLT_DiPFJetAve260_v3	JME	85	85	85	60	42	24	12	8	6	4	2	1	L1_SingleJet170		
		HLT_DiPFJetAve300_HFJEC_v4	null	1	1	1	1	1	1	1	1	1	1	1	1	L1_SingleJet170		
		HLT_DiPFJetAve320_v3	JME	15	15	15	10	6	4	2	1	1	1	1	1	L1_SingleJet170		
		HLT_DiPFJetAve400_v3	JME	5	5	5	3	2	1	1	1	1	1	1	1	L1_SingleJet170		
		HLT_DiPFJetAve40_v4		50	38	32	24	16	10	6	4	2	2	2	2	L1_ZeroBias		
		HLT_DiPFJetAve500_v3	JME	1	1	1	1	1	1	1	1	1	1	1	1	L1_SingleJet170		
		HLT_DiPFJetAve60_HFJEC_v4	null	1	1	1	1	1	1	1	1	1	1	1	1	L1_SingleJet35		
		HLT_DiPFJetAve60_v4		2	2	2	2	2	2	2	2	2	2	2	2	L1_ZeroBias		
		HLT_DiPFJetAve80_HFJEC_v4	null	4	4	4	4	4	4	4	4	4	4	4	4	L1_SingleJet60		
		HLT_DiPFJetAve80_v3	JME	28	28	28	28	28	28	28	28	28	28	28	28	L1_SingleJet60		
		HLT_HT2000_v3	PPD	1	1	1	1	1	1	1	1	1	1	1	1	L1_HTT280||L1_HTT300||L1_HTT320		
		HLT_HT2500_v3	PPD	1	1	1	1	1	1	1	1	1	1	1	1	L1_HTT280||L1_HTT300||L1_HTT320		
		HLT_L1_TripleJet_VBF_v5	HIG (Hbb)	1740	1400	1220	870	600	350	170	120	90	60	30	15	L1_TripleJet_84_68_48_VBF||L1_TripleJet_88_72_56_VBF||L1_TripleJet_92_76_64_VBF||L1_HTT280||L1_HTT300||L1_HTT320||L1_SingleJet170||L1_SingleJet180||L1_SingleJet200||L1_DoubleJetC100||L1_DoubleJetC112||L1_DoubleJetC120		
		HLT_PFHT125_v2	SUS	1	1	1	1	1	1	1	1	1	1	1	1	L1_HTT120		
		HLT_PFHT200_v3	SUS	1	1	1	1	1	1	1	1	1	1	1	1	L1_HTT160		
		HLT_PFHT250_v3	SUS	1	1	1	1	1	1	16	256	128	96	64	32	L1_HTT220		
		HLT_PFHT300_v4	SUS	1280	1152	1024	768	512	256	128	96	64	48	32	16	L1_HTT160||L1_HTT200||L1_HTT220||L1_HTT240||L1_HTT255||L1_HTT270||L1_HTT280||L1_HTT300||L1_HTT320		
		HLT_PFHT350_v5	SUS	640	576	512	384	256	128	64	48	32	24	16	8	L1_HTT160||L1_HTT200||L1_HTT220||L1_HTT240||L1_HTT255||L1_HTT270||L1_HTT280||L1_HTT300||L1_HTT320		
		HLT_PFHT400_SixJet30_DoubleBTagCSV_p056_v2	HIG	1	1	1	1	1	1	1	1	1	1	1	1	L1_HTT280||L1_HTT300		
		HLT_PFHT400_SixJet30_v4	HIG	20	12	10	5	2	1	1	1	1	1	1	1	L1_HTT280||L1_HTT300		
		HLT_PFHT400_v4	SUS	320	288	256	192	128	64	32	24	16	12	8	4	L1_HTT160||L1_HTT200||L1_HTT220||L1_HTT240||L1_HTT255||L1_HTT270||L1_HTT280||L1_HTT300||L1_HTT320		
		HLT_PFHT450_SixJet40_BTagCSV_p056_v2	HIG	1	1	1	1	1	1	1	1	1	1	1	1	L1_HTT280||L1_HTT300		
		HLT_PFHT450_SixJet40_v4	HIG	6	5	4	1	1	1	1	1	1	1	1	1	L1_HTT280||L1_HTT300		
		HLT_PFHT475_v4	SUS	160	144	128	96	64	32	16	12	8	6	4	2	L1_HTT160||L1_HTT200||L1_HTT220||L1_HTT240||L1_HTT255||L1_HTT270||L1_HTT280||L1_HTT300||L1_HTT320		
		HLT_PFHT550_4JetPt50_v3	EXO,a path dedicated for multijet search	60	48	40	30	20	16	8	6	4	3	1	1	L1_HTT160||L1_HTT200||L1_HTT220||L1_HTT240||L1_HTT255||L1_HTT270||L1_HTT280||L1_HTT300||L1_HTT320		
		HLT_PFHT600_v5	SUS	40	36	32	24	16	8	4	3	2	1	1	1	L1_HTT160||L1_HTT200||L1_HTT220||L1_HTT240||L1_HTT255||L1_HTT270||L1_HTT280||L1_HTT300||L1_HTT320		
		HLT_PFHT650_4JetPt50_v3	EXO,a path dedicated for multijet search	30	24	20	15	10	8	4	3	2	1	1	1	L1_HTT160||L1_HTT200||L1_HTT220||L1_HTT240||L1_HTT255||L1_HTT270||L1_HTT280||L1_HTT300||L1_HTT320		
		HLT_PFHT650_WideJetMJJ900DEtaJJ1p5_v5	EXO	1	1	1	1	1	1	1	1	1	1	1	1	L1_HTT160||L1_HTT200||L1_HTT220||L1_HTT240||L1_HTT255||L1_HTT270||L1_HTT280||L1_HTT300||L1_HTT320		
		HLT_PFHT650_WideJetMJJ950DEtaJJ1p5_v5	EXO	1	1	1	1	1	1	1	1	1	1	1	1	L1_HTT160||L1_HTT200||L1_HTT220||L1_HTT240||L1_HTT255||L1_HTT270||L1_HTT280||L1_HTT300||L1_HTT320		
		HLT_PFHT650_v5	EXO	20	18	16	12	8	4	2	1	1	1	1	1	L1_HTT160||L1_HTT200||L1_HTT220||L1_HTT240||L1_HTT255||L1_HTT270||L1_HTT280||L1_HTT300||L1_HTT320		
		HLT_PFHT750_4JetPt50_v5	EXO,a path dedicated for multijet search	1	1	1	1	1	1	1	1	1	1	1	1	L1_HTT160||L1_HTT200||L1_HTT220||L1_HTT240||L1_HTT255||L1_HTT270||L1_HTT280||L1_HTT300||L1_HTT320		
		HLT_PFHT800_v4	null	1	1	1	1	1	1	1	1	1	1	1	1	L1_HTT160||L1_HTT200||L1_HTT220||L1_HTT240||L1_HTT255||L1_HTT270||L1_HTT280||L1_HTT300||L1_HTT320		
		HLT_PFHT900_v3	SUS	1	1	1	1	1	1	1	1	1	1	1	1	L1_HTT160||L1_HTT200||L1_HTT220||L1_HTT240||L1_HTT255||L1_HTT270||L1_HTT280||L1_HTT300||L1_HTT320		
		HLT_PFJet140_v5	SMP, BTV	2	2	2	2	2	2	200	140	100	70	40	20	L1_SingleJet90		
		HLT_PFJet200_v5	SMP, BTV	8	8	8	8	140	80	40	28	20	14	8	4	L1_SingleJet120		
		HLT_PFJet260_v5	JetMET, SMP, BTV	90	72	63	45	24	18	9	6	4	3	2	1	L1_SingleJet170		
		HLT_PFJet320_v5	SMP, BTV	30	24	21	15	12	6	3	2	2	1	1	1	L1_SingleJet170		
		HLT_PFJet400_v5	SMP, B2G, BTV	10	8	7	5	3	2	1	1	1	1	1	1	L1_SingleJet170		
		HLT_PFJet40_v6		12	10	9	12	9	5	2	2	1	1	1	1	L1_ZeroBias		
		HLT_PFJet450_v5	SMP, B2G, BTV	1	1	1	1	1	1	1	1	1	1	1	1	L1_SingleJet170		
		HLT_PFJet500_v5	SMP, B2G, BTV	1	1	1	1	1	1	1	1	1	1	1	1	L1_SingleJet170		
		HLT_PFJet60_v6	SMP, BTV	25	25	25	20	25	25	25	25	25	25	25	25	L1_SingleJet35		
		HLT_PFJet80_v5	SMP, BTV	25	25	25	25	100	100	100	100	100	130	100	75	L1_SingleJet60		
		HLT_QuadPFJet_VBF_v5	HIG (Hbb)	2000	1700	1500	1000	750	400	200	150	100	75	40	20	L1_TripleJet_84_68_48_VBF||L1_TripleJet_88_72_56_VBF||L1_TripleJet_92_76_64_VBF||L1_HTT280||L1_HTT300||L1_HTT320||L1_SingleJet170||L1_SingleJet180||L1_SingleJet200||L1_DoubleJetC100||L1_DoubleJetC112||L1_DoubleJetC120		
		HLT_SingleCentralPFJet170_CFMax0p1_v2	EXO.	400	300	300	200	150	80	40	30	20	15	8	4	L1_SingleJet120||L1_SingleJet140||L1_SingleJet150||L1_SingleJet160||L1_SingleJet170||L1_SingleJet180||L1_SingleJet200		
	dataset MET																	
		HLT_CaloMHTNoPU90_PFMET90_PFMHT90_IDTight_BTagCSV_p067_v3	HIG (Hbb)	1	1	1	1	1	1	1	1	1	1	1	1	L1_ETM50||L1_ETM60||L1_ETM60_Jet60_dPhi_Min0p4||L1_ETM70||L1_ETM80||L1_ETM90||L1_ETM100||L1_DoubleJetC60_ETM60		
		HLT_CaloMHTNoPU90_PFMET90_PFMHT90_IDTight_v4	HIG (Hbb)	40	30	25	20	15	8	4	3	2	1	1	1	L1_ETM50||L1_ETM60||L1_ETM60_Jet60_dPhi_Min0p4||L1_ETM70||L1_ETM80||L1_ETM90||L1_ETM100||L1_DoubleJetC60_ETM60		
		HLT_DiCentralPFJet55_PFMET110_v3	SUSY	1	1	1	1	1	1	1	1	1	1	1	1	L1_ETM50||L1_ETM60||L1_ETM70||L1_ETM80||L1_ETM90||L1_ETM100		
		HLT_DoubleMu3_PFMET50_v2	SUS	1	1	1	1	1	1	1	1	1	1	1	1	L1_DoubleMu0_ETM40||L1_DoubleMu0_ETM55		
		HLT_MET200_v3	Exotica (monojet)	1	1	1	1	1	1	1	1	1	1	1	1	L1_ETM50||L1_ETM60||L1_ETM70||L1_ETM80||L1_ETM90||L1_ETM100||L1_ETM120		
		HLT_MET250_v3	PPD	1	1	1	1	1	1	1	1	1	1	1	1	L1_ETM60||L1_ETM70||L1_ETM80||L1_ETM90||L1_ETM100||L1_ETM120		
		HLT_MET300_v3	PPD	1	1	1	1	1	1	1	1	1	1	1	1	L1_ETM60||L1_ETM70||L1_ETM80||L1_ETM90||L1_ETM100||L1_ETM120		
		HLT_MET600_v2	PPD,AlCa	1	1	1	1	1	1	1	1	1	1	1	1	L1_ETM60||L1_ETM70		
		HLT_MET60_IsoTrk35_Loose_v2	EXO-Disappearing Tracks	420	340	300	200	150	80	40	30	20	15	8	4	L1_ETM50||L1_ETM60||L1_ETM70		
		HLT_MET700_v2	PPD,AlCa	1	1	1	1	1	1	1	1	1	1	1	1	L1_ETM60||L1_ETM70		
		HLT_MET75_IsoTrk50_v3	EXO-Disappearing Tracks	1	1	1	1	1	1	1	1	1	1	1	1	L1_ETM60||L1_ETM70		
		HLT_MET90_IsoTrk50_v3	EXO-Disappearing Tracks	1	1	1	1	1	1	1	1	1	1	1	1	L1_ETM60||L1_ETM70||L1_ETM80		
		HLT_MonoCentralPFJet80_PFMETNoMu100_PFMHTNoMu100_IDTight_v3	EXO	1	1	1	1	1	1	1	1	1	1	1	1	L1_ETM50||L1_ETM60||L1_ETM60_Jet60_dPhi_Min0p4||L1_DoubleJetC60_ETM60||L1_ETM70||L1_ETM80||L1_ETM90||L1_ETM100		
		HLT_MonoCentralPFJet80_PFMETNoMu110_PFMHTNoMu110_IDTight_v3	EXO	1	1	1	1	1	1	1	1	1	1	1	1	L1_ETM50||L1_ETM60||L1_ETM60_Jet60_dPhi_Min0p4||L1_DoubleJetC60_ETM60||L1_ETM70||L1_ETM80||L1_ETM90||L1_ETM100		
		HLT_MonoCentralPFJet80_PFMETNoMu120_PFMHTNoMu120_IDTight_v3	EXO	1	1	1	1	1	1	1	1	1	1	1	1	L1_ETM50||L1_ETM60||L1_ETM60_Jet60_dPhi_Min0p4||L1_DoubleJetC60_ETM60||L1_ETM70||L1_ETM80||L1_ETM90||L1_ETM100		
		HLT_MonoCentralPFJet80_PFMETNoMu90_PFMHTNoMu90_IDTight_v3	EXO	0	1	1	1	1	1	1	1	1	1	1	1	L1_ETM50||L1_ETM60||L1_ETM60_Jet60_dPhi_Min0p4||L1_DoubleJetC60_ETM60||L1_ETM70||L1_ETM80||L1_ETM90||L1_ETM100		
		HLT_Mu14er_PFMET100_v2	JME,SUSY	1	1	1	1	1	1	1	1	1	1	1	1	L1_Mu10er_ETM30||L1_Mu14er_ETM30		
		HLT_Mu3er_PFHT140_PFMET125_v3	SUSY	1	1	1	1	1	1	1	1	1	1	1	1	L1_Mu0er_ETM40||L1_Mu0er_ETM55||L1_ETM60||L1_ETM70||L1_ETM80||L1_ETM90||L1_ETM100		
		HLT_Mu6_PFHT200_PFMET100_v2	JME	1	1	1	1	1	1	1	1	1	1	1	1	L1_Mu6_HTT200		
		HLT_Mu6_PFHT200_PFMET80_BTagCSV_p067_v2	SUSY,Expected rate < 10 Hz	1	1	1	1	1	1	1	1	1	1	1	1	L1_Mu6_HTT200		
		HLT_PFMET100_PFMHT100_IDTight_v4	HIG (Hbb)	1	1	1	1	1	1	1	1	1	1	1	1	L1_ETM50||L1_ETM60||L1_ETM60_Jet60_dPhi_Min0p4||L1_ETM70||L1_ETM80||L1_ETM90||L1_ETM100||L1_DoubleJetC60_ETM60		
		HLT_PFMET110_PFMHT110_IDTight_v4	HIG (Hbb)	1	1	1	1	1	1	1	1	1	1	1	1	L1_ETM50||L1_ETM60||L1_ETM60_Jet60_dPhi_Min0p4||L1_ETM70||L1_ETM80||L1_ETM90||L1_ETM100||L1_DoubleJetC60_ETM60		
		HLT_PFMET120_BTagCSV_p067_v3	SUSY	1	1	1	1	1	1	1	1	1	1	1	1	L1_ETM50||L1_ETM60||L1_ETM70||L1_ETM80||L1_ETM90||L1_ETM100		
		HLT_PFMET120_Mu5_v3	JME	1	1	1	1	1	1	1	1	1	1	1	1	(L1_Mu0er_ETM40||L1_Mu0er_ETM55||L1_ETM60||L1_ETM70||L1_ETM80||L1_ETM90||L1_ETM100)	AND	(L1_SingleMuOpen)
		HLT_PFMET120_PFMHT120_IDTight_v4	null	1	1	1	1	1	1	1	1	1	1	1	1	L1_ETM50||L1_ETM60||L1_ETM60_Jet60_dPhi_Min0p4||L1_ETM70||L1_ETM80||L1_ETM90||L1_ETM100||L1_ETM120||L1_DoubleJetC60_ETM60		
		HLT_PFMET170_BeamHaloCleaned_v2	null	1	1	1	1	1	1	1	1	1	1	1	1	L1_ETM50||L1_ETM60||L1_ETM70||L1_ETM80||L1_ETM90||L1_ETM100		
		HLT_PFMET170_HBHECleaned_v4	JME	1	1	1	1	1	1	1	1	1	1	1	1	L1_ETM50||L1_ETM60||L1_ETM70||L1_ETM80||L1_ETM90||L1_ETM100		
		HLT_PFMET170_NotCleaned_v3	null	1	1	1	1	1	1	1	1	1	1	1	1	L1_ETM50||L1_ETM60||L1_ETM70||L1_ETM80||L1_ETM90||L1_ETM100		
		HLT_PFMET300_v3	PPD	1	1	1	1	1	1	1	1	1	1	1	1	L1_ETM60||L1_ETM70||L1_ETM80||L1_ETM90||L1_ETM100||L1_ETM120		
		HLT_PFMET400_v3	PPD	1	1	1	1	1	1	1	1	1	1	1	1	L1_ETM60||L1_ETM70||L1_ETM80||L1_ETM90||L1_ETM100||L1_ETM120		
		HLT_PFMET500_v3	PPD,AlCa	1	1	1	1	1	1	1	1	1	1	1	1	L1_ETM60||L1_ETM70||L1_ETM80||L1_ETM90||L1_ETM100||L1_ETM120		
		HLT_PFMET600_v3	PPD,AlCa	1	1	1	1	1	1	1	1	1	1	1	1	L1_ETM60||L1_ETM70||L1_ETM80||L1_ETM90||L1_ETM100||L1_ETM120		
		HLT_PFMET90_PFMHT90_IDTight_v4	HIG (Hbb)	0	1	1	1	1	1	1	1	1	1	1	1	L1_ETM50||L1_ETM60||L1_ETM60_Jet60_dPhi_Min0p4||L1_ETM70||L1_ETM80||L1_ETM90||L1_DoubleJetC60_ETM60		
		HLT_PFMETNoMu100_PFMHTNoMu100_IDTight_v3	EXO,SUS	1	1	1	1	1	1	1	1	1	1	1	1	L1_ETM50||L1_ETM60||L1_ETM60_Jet60_dPhi_Min0p4||L1_DoubleJetC60_ETM60||L1_ETM70||L1_ETM80||L1_ETM90||L1_ETM100		
		HLT_PFMETNoMu110_PFMHTNoMu110_IDTight_v3	EXO,SUS	1	1	1	1	1	1	1	1	1	1	1	1	L1_ETM50||L1_ETM60||L1_ETM60_Jet60_dPhi_Min0p4||L1_DoubleJetC60_ETM60||L1_ETM70||L1_ETM80||L1_ETM90||L1_ETM100		
		HLT_PFMETNoMu120_PFMHTNoMu120_IDTight_v3	EXO	1	1	1	1	1	1	1	1	1	1	1	1	L1_ETM50||L1_ETM60||L1_ETM60_Jet60_dPhi_Min0p4||L1_DoubleJetC60_ETM60||L1_ETM70||L1_ETM80||L1_ETM90||L1_ETM100		
		HLT_PFMETNoMu90_PFMHTNoMu90_IDTight_v3	EXO	0	1	1	1	1	1	1	1	1	1	1	1	L1_ETM50||L1_ETM60||L1_ETM60_Jet60_dPhi_Min0p4||L1_DoubleJetC60_ETM60||L1_ETM70||L1_ETM80||L1_ETM90||L1_ETM100		
	dataset Tau																	
		HLT_DoubleMediumIsoPFTau32_Trk1_eta2p1_Reg_v2	TAU,HIG,EXO	1	1	1	1	1	1	1	1	1	1	1	1	L1_DoubleIsoTau26er||L1_DoubleIsoTau27er||L1_DoubleIsoTau28er||L1_DoubleIsoTau29er||L1_DoubleIsoTau30er||L1_DoubleIsoTau32er		
		HLT_DoubleMediumIsoPFTau35_Trk1_eta2p1_Reg_v3	TAU,HIG,EXO	1	1	1	1	1	1	1	1	1	1	1	1	L1_DoubleIsoTau26er||L1_DoubleIsoTau27er||L1_DoubleIsoTau28er||L1_DoubleIsoTau29er||L1_DoubleIsoTau30er||L1_DoubleIsoTau32er		
		HLT_DoubleMediumIsoPFTau40_Trk1_eta2p1_Reg_v5	TAU,HIG,EXO	1	1	1	1	1	1	1	1	1	1	1	1	L1_DoubleIsoTau26er||L1_DoubleIsoTau27er||L1_DoubleIsoTau28er||L1_DoubleIsoTau29er||L1_DoubleIsoTau30er||L1_DoubleIsoTau32er		
		HLT_LooseIsoPFTau50_Trk30_eta2p1_MET110_v2	null	1	1	1	1	1	1	1	1	1	1	1	1	L1_ETM80||L1_ETM90||L1_ETM100		
		HLT_LooseIsoPFTau50_Trk30_eta2p1_MET120_v2	HIG,TAU. EXO	1	1	1	1	1	1	1	1	1	1	1	1	L1_ETM80||L1_ETM90||L1_ETM100		
		HLT_LooseIsoPFTau50_Trk30_eta2p1_MET80_v2	TAU,HIG	0	1	1	1	1	1	1	1	1	1	1	1	L1_ETM50||L1_ETM60||L1_ETM70		
		HLT_LooseIsoPFTau50_Trk30_eta2p1_MET90_v2	null	1	1	1	1	1	1	1	1	1	1	1	1	L1_ETM80||L1_ETM90||L1_ETM100		
		HLT_LooseIsoPFTau50_Trk30_eta2p1_v4	HIG,TAU,EXO	1	1	1	1	15	10	5	3	2	2	1	1	L1_QuadJetC36_Tau52		
		HLT_PFTau120_eta2p1_v2	tau pog	2000	1600	1400	1000	700	400	200	140	100	70	40	20	L1_SingleTau80er||L1_SingleTau100er		
		HLT_VLooseIsoPFTau120_Trk50_eta2p1_v2	null	1	1	1	1	1	1	1	1	1	1	1	1	L1_SingleTau100er		
		HLT_VLooseIsoPFTau140_Trk50_eta2p1_v2	null	1	1	1	1	1	1	1	1	1	1	1	1	L1_SingleTau100er||L1_SingleTau120er		
stream PhysicsMuons																		
	dataset Charmonium																	
		HLT_Dimuon0_Jpsi_Muon_v3	BPH	1	1	1	1	1	1	1	1	1	1	1	1	L1_TripleMu0		
		HLT_Dimuon0er16_Jpsi_NoOS_NoVertexing_v3	BPH	1	1	1	20	15	9	5	3	2	1	1	1	L1_DoubleMu0er1p6_dEta_Max1p8		
		HLT_Dimuon0er16_Jpsi_NoVertexing_v3	BPH	50	35	30	20	15	9	5	3	2	1	1	1	L1_DoubleMu0er1p6_dEta_Max1p8_OS		
		HLT_Dimuon10_Jpsi_Barrel_v4	BPH,- exp pure rate at 7E33,prescaled to 5	0	5	5	3	2	1	1	1	1	1	1	1	L1_DoubleMu0er1p6_dEta_Max1p8_OS		
		HLT_Dimuon13_PsiPrime_v3	BPH	1	1	1	1	1	1	1	1	1	1	1	1	L1_DoubleMu_10_0_dEta_Max1p8||L1_DoubleMu_11_4		
		HLT_Dimuon16_Jpsi_v3	BPH	0	1	1	1	1	1	1	1	1	1	1	1	L1_DoubleMu_10_0_dEta_Max1p8||L1_DoubleMu_11_4		
		HLT_Dimuon20_Jpsi_v3	BPH	1	1	1	1	1	1	1	1	1	1	1	1	L1_DoubleMu_10_0_dEta_Max1p8||L1_DoubleMu_11_4		
		HLT_Dimuon6_Jpsi_NoVertexing_v3	BPH	1	1	1	1	1	1	1	1	1	1	1	1	L1_DoubleMu0		
		HLT_Dimuon8_PsiPrime_Barrel_v4	BPH	0	1	1	1	1	1	1	1	1	1	1	1	L1_DoubleMu0er1p6_dEta_Max1p8_OS		
		HLT_DoubleMu4_3_Bs_v4	null	1	1	1	1	1	1	1	1	1	1	1	1	L1_DoubleMu_10_0_dEta_Max1p8||L1_DoubleMu0er1p6_dEta_Max1p8_OS||L1_DoubleMu_11_4		
		HLT_DoubleMu4_3_Jpsi_Displaced_v4	BPH	5	2	2	1	1	1	1	1	1	1	1	1	L1_DoubleMu_10_0_dEta_Max1p8||L1_DoubleMu0er1p6_dEta_Max1p8_OS||L1_DoubleMu_11_4		
		HLT_DoubleMu4_JpsiTrk_Displaced_v4	BPH	1	1	1	1	1	1	1	1	1	1	1	1	L1_DoubleMu_10_0_dEta_Max1p8||L1_DoubleMu0er1p6_dEta_Max1p8_OS||L1_DoubleMu_11_4		
		HLT_DoubleMu4_PsiPrimeTrk_Displaced_v4	BPH	1	1	1	1	1	1	1	1	1	1	1	1	L1_DoubleMu_10_0_dEta_Max1p8||L1_DoubleMu0er1p6_dEta_Max1p8_OS||L1_DoubleMu_11_4		
		HLT_Mu7p5_L2Mu2_Jpsi_v3	BPH	1	1	1	1	1	1	1	1	1	1	1	1	L1_DoubleMu0		
		HLT_Mu7p5_Track2_Jpsi_v3	BPH	1	1	1	1	1	1	1	1	1	1	1	1	L1_SingleMu5||L1_SingleMu7		
		HLT_Mu7p5_Track3p5_Jpsi_v3	BPH	1	1	1	1	1	1	8	6	4	3	2	1	L1_SingleMu5||L1_SingleMu7		
		HLT_Mu7p5_Track7_Jpsi_v3	BPH	1	1	1	1	1	1	8	6	4	3	2	1	L1_SingleMu5||L1_SingleMu7		
		HLT_QuadMuon0_Dimuon0_Jpsi_v3	BPH	1	1	1	1	1	1	1	1	1	1	1	1	L1_QuadMu0		
	dataset DoubleMuon																	
		HLT_DoubleMu18NoFiltersNoVtx_v3	EXO	50	40	35	25	17	10	4	4	3	2	1	1	L1_DoubleMu_11_4||L1_DoubleMu_12_5		
		HLT_DoubleMu23NoFiltersNoVtxDisplaced_v3	EXO,DisplacedSUSY	1	1	1	1	1	1	1	1	1	1	1	1	L1_DoubleMu_11_4||L1_DoubleMu_12_5		
		HLT_DoubleMu28NoFiltersNoVtxDisplaced_v3	EXO,DisplacedSUSY	1	1	1	1	1	1	1	1	1	1	1	1	L1_DoubleMu_11_4||L1_DoubleMu_12_5		
		HLT_DoubleMu33NoFiltersNoVtx_v3	EXO,DisplacedSUSY	1	1	1	1	1	1	1	1	1	1	1	1	L1_DoubleMu_11_4||L1_DoubleMu_12_5		
		HLT_DoubleMu38NoFiltersNoVtx_v3	EXO,DisplacedSUSY	1	1	1	1	1	1	1	1	1	1	1	1	L1_DoubleMu_11_4||L1_DoubleMu_12_5		
		HLT_DoubleMu8_Mass8_PFHT250_v3	null	1	1	1	1	1	1	1	1	1	1	1	1	L1_Mu6_HTT200||L1_Mu8_HTT150||L1_HTT160||L1_HTT200||L1_HTT220||L1_HTT240||L1_HTT255||L1_HTT270||L1_HTT280||L1_HTT300||L1_HTT320		
		HLT_DoubleMu8_Mass8_PFHT300_v6	null	1	1	1	1	1	1	1	1	1	1	1	1	L1_Mu6_HTT200||L1_Mu8_HTT150||L1_HTT160||L1_HTT200||L1_HTT220||L1_HTT240||L1_HTT255||L1_HTT270||L1_HTT280||L1_HTT300||L1_HTT320		
		HLT_L2DoubleMu23_NoVertex_v4	EXO	50	40	35	25	17	10	4	4	3	2	1	1	L1_DoubleMu_11_4||L1_DoubleMu_12_5		
		HLT_L2DoubleMu28_NoVertex_2Cha_Angle2p5_Mass10_v4	EXO	1	1	1	1	1	1	1	1	1	1	1	1	L1_DoubleMu_11_4||L1_DoubleMu_12_5		
		HLT_L2DoubleMu38_NoVertex_2Cha_Angle2p5_Mass10_v4	EXO	1	1	1	1	1	1	1	1	1	1	1	1	L1_DoubleMu_11_4||L1_DoubleMu_12_5		
		HLT_Mu10_CentralPFJet30_BTagCSV_p13_v2	null	1	1	1	1	1	1	1	1	1	1	1	1	L1_Jet32_DoubleMu_10_0_dPhi_Jet_Mu0_Max0p4_dPhi_Mu_Mu_Min1p0		
		HLT_Mu17_Mu8_DZ_v4	Muon	50	40	35	25	17	10	4	4	3	2	1	1	L1_DoubleMu_11_4||L1_DoubleMu_12_5		
		HLT_Mu17_Mu8_SameSign_DZ_v3	null	1	1	1	1	1	1	1	1	1	1	1	1	L1_DoubleMu_11_4||L1_DoubleMu_12_5		
		HLT_Mu17_Mu8_SameSign_v3	null	1	1	1	1	1	1	1	1	1	1	1	1	L1_DoubleMu_11_4||L1_DoubleMu_12_5		
		HLT_Mu17_Mu8_v3	Muon	50	40	35	25	17	10	4	4	3	2	1	1	L1_DoubleMu_11_4||L1_DoubleMu_12_5		
		HLT_Mu17_TkMu8_DZ_v3	Muon	50	40	35	25	17	10	4	4	3	2	1	1	L1_DoubleMu_11_4||L1_DoubleMu_12_5		
		HLT_Mu17_TrkIsoVVL_Mu8_TrkIsoVVL_DZ_v4	Muon	1	1	1	1	1	1	1	1	1	1	1	1	L1_DoubleMu_11_4||L1_DoubleMu_12_5		
		HLT_Mu17_TrkIsoVVL_Mu8_TrkIsoVVL_v4	Muon	1	1	1	1	1	1	1	1	1	1	1	1	L1_DoubleMu_11_4||L1_DoubleMu_12_5		
		HLT_Mu17_TrkIsoVVL_TkMu8_TrkIsoVVL_DZ_v3	Muon	1	1	1	1	1	1	1	1	1	1	1	1	L1_DoubleMu_11_4||L1_DoubleMu_12_5		
		HLT_Mu17_TrkIsoVVL_TkMu8_TrkIsoVVL_v3	Muon	1	1	1	1	1	1	1	1	1	1	1	1	L1_DoubleMu_11_4||L1_DoubleMu_12_5		
		HLT_Mu17_TrkIsoVVL_v3	muon,SUS	1	1	1	1	1	1	1	1	1	1	1	1	L1_SingleMu10_LowQ		
		HLT_Mu17_v3	SUSY	1	1	1	1	1	1	1	1	1	1	1	1	L1_SingleMu10_LowQ		
		HLT_Mu20_Mu10_DZ_v3	Higgs	25	16	14	10	6	5	2	1	1	1	1	1	L1_DoubleMu_11_4||L1_DoubleMu_12_5		
		HLT_Mu20_Mu10_SameSign_DZ_v3	Higgs	1	1	1	1	1	1	1	1	1	1	1	1	L1_DoubleMu_11_4||L1_DoubleMu_12_5		
		HLT_Mu20_Mu10_SameSign_v2	Higgs	1	1	1	1	1	1	1	1	1	1	1	1	L1_DoubleMu_11_4||L1_DoubleMu_12_5		
		HLT_Mu20_Mu10_v3	Higgs	25	16	14	10	6	5	2	1	1	1	1	1	L1_DoubleMu_11_4||L1_DoubleMu_12_5		
		HLT_Mu27_TkMu8_v3	EXO-Disappearing Tracks	50	1	1	1	1	1	1	1	1	1	1	1	L1_SingleMu22||L1_SingleMu25		
		HLT_Mu30_TkMu11_v3	EXO-Disappearing Tracks	1	1	1	1	1	1	1	1	1	1	1	1	L1_SingleMu22||L1_SingleMu25		
		HLT_Mu3_PFJet40_v3	null	1	1	1	1	1	1	1	1	1	1	1	1	(L1_SingleMu3)	AND	(L1_SingleJet35)
		HLT_Mu40_TkMu11_v3	EXO-Disappearing Tracks	1	1	1	1	1	1	1	1	1	1	1	1	L1_SingleMu22||L1_SingleMu25		
		HLT_Mu8_TrkIsoVVL_v4	SUSY,muon	60	60	80	30	30	30	120	80	60	40	24	12	L1_SingleMu3||L1_SingleMu5||L1_SingleMu7		
		HLT_Mu8_v4	SUSY	120	120	160	60	60	60	300	300	300	300	300	300	L1_SingleMu3||L1_SingleMu5||L1_SingleMu7		
		HLT_TripleMu_12_10_5_v3	HIG	1	1	1	1	1	1	1	1	1	1	1	1	L1_TripleMu0||L1_TripleMu_5_5_3		
		HLT_TripleMu_5_3_3_v1	SUS	1	1	1	1	1	1	1	1	1	1	1	1	L1_TripleMu0		
		HLT_TrkMu15_DoubleTrkMu5NoFiltersNoVtx_v4	EXO PAG	1	1	1	1	1	1	1	1	1	1	1	1	L1_DoubleMu_11_4||L1_DoubleMu_12_5		
		HLT_TrkMu17_DoubleTrkMu8NoFiltersNoVtx_v4	EXO PAG	1	1	1	1	1	1	1	1	1	1	1	1	L1_DoubleMu_11_4||L1_DoubleMu_12_5		
	dataset DoubleMuonLowMass																	
		HLT_DoubleMu3_Trk_Tau3mu_v2	BPH	1	1	1	1	1	1	1	1	1	1	1	1	L1_DoubleMu0er1p6_dEta_Max1p8||L1_DoubleMu_10_0_dEta_Max1p8||L1_TripleMu0		
		HLT_DoubleMu4_LowMassNonResonantTrk_Displaced_v4	BPH	1	1	1	1	1	1	1	1	1	1	1	1	L1_DoubleMu_10_0_dEta_Max1p8||L1_DoubleMu0er1p6_dEta_Max1p8_OS||L1_DoubleMu_11_4		
	dataset MuOnia																	
		HLT_Dimuon0_Phi_Barrel_v4	BPH	0	1	1	1	1	1	1	1	1	1	1	1	L1_DoubleMu0er1p6_dEta_Max1p8_OS		
		HLT_Dimuon0_Upsilon_Muon_v3	BPH	1	1	1	1	1	1	1	1	1	1	1	1	L1_TripleMu0		
		HLT_Dimuon13_Upsilon_v3	BPH	1	1	1	1	1	1	1	1	1	1	1	1	L1_DoubleMu_10_0_dEta_Max1p8||L1_DoubleMu_11_4		
		HLT_Dimuon8_Upsilon_Barrel_v4	BPH,- exp pure rate at 7E33,prescaled to 2	1	1	1	1	1	1	1	1	1	1	1	1	L1_DoubleMu0er1p6_dEta_Max1p8_OS		
		HLT_Mu16_TkMu0_dEta18_Onia_v3	BPH	0	0	0	1	1	1	1	1	1	1	1	1	L1_SingleMu14er||L1_SingleMu16		
		HLT_Mu16_TkMu0_dEta18_Phi_v3	BPH	0	0	0	1	1	1	1	1	1	1	1	1	L1_SingleMu14er||L1_SingleMu16		
		HLT_Mu25_TkMu0_dEta18_Onia_v4	BPH	1	1	1	1	1	1	1	1	1	1	1	1	L1_SingleMu20||L1_SingleMu22||L1_SingleMu25||L1_SingleMu20er		
		HLT_Mu7p5_L2Mu2_Upsilon_v3	BPH	1	1	1	1	1	1	1	1	1	1	1	1	L1_DoubleMu0		
		HLT_Mu7p5_Track2_Upsilon_v3	BPH	1	1	1	1	1	1	8	6	4	3	2	1	L1_SingleMu5||L1_SingleMu7		
		HLT_Mu7p5_Track3p5_Upsilon_v3	BPH	1	1	1	1	1	1	8	6	4	3	2	1	L1_SingleMu5||L1_SingleMu7		
		HLT_Mu7p5_Track7_Upsilon_v3	BPH	1	1	1	1	1	1	8	6	4	3	2	1	L1_SingleMu5||L1_SingleMu7		
		HLT_QuadMuon0_Dimuon0_Upsilon_v3	BPH	1	1	1	1	1	1	1	1	1	1	1	1	L1_QuadMu0		
	dataset MuonEG																	
		HLT_DiMu9_Ele9_CaloIdL_TrackIdL_v6	HIG	1	1	1	1	1	1	1	1	1	1	1	1	L1_DoubleMu7_EG7		
		HLT_Mu12_Photon25_CaloIdL_L1ISO_v6	HIG,For Dalitz (h->gamma gamma*> gamma mu+mu)	700	570	500	350	250	140	70	50	35	25	14	7	L1_Mu5_IsoEG18		
		HLT_Mu12_Photon25_CaloIdL_L1OR_v6	HIG,For Dalitz (h->gamma gamma*> gamma mu+mu)	15	11	10	6	4	3	1	1	1	1	1	1	L1_Mu5_EG20||L1_MU20_EG15		
		HLT_Mu12_Photon25_CaloIdL_v6	HIG,For Dalitz (h->gamma gamma*> gamma mu+mu)	10000	5700	5000	3500	2500	1400	700	500	350	250	140	70	L1_Mu5_EG20||L1_MU20_EG15		
		HLT_Mu17_Photon22_CaloIdL_L1ISO_v4	HIG	1	1	1	1	1	1	1	1	1	1	1	1	L1_Mu5_IsoEG18		
		HLT_Mu17_Photon30_CaloIdL_L1ISO_v6	HIG	1	1	1	1	1	1	1	1	1	1	1	1	L1_Mu5_IsoEG18		
		HLT_Mu17_Photon35_CaloIdL_L1ISO_v6	EXO,DisplacedSUSY	1	1	1	1	1	1	1	1	1	1	1	1	L1_Mu5_IsoEG18		
		HLT_Mu17_TrkIsoVVL_Ele12_CaloIdL_TrackIdL_IsoVL_v6	HIG	0	1	1	1	1	1	1	1	1	1	1	1	L1_Mu12_EG10		
		HLT_Mu23NoFiltersNoVtx_Photon23_CaloIdL_v5	EXO-Disappearing Tracks	40	20	20	14	10	5	2	2	1	1	1	1	L1_Mu5_EG20||L1_MU20_EG15		
		HLT_Mu23_TrkIsoVVL_Ele12_CaloIdL_TrackIdL_IsoVL_v6	HIG	1	1	1	1	1	1	1	1	1	1	1	1	L1_Mu20_EG10		
		HLT_Mu23_TrkIsoVVL_Ele8_CaloIdL_TrackIdL_IsoVL_v4	SUS + others	1	1	1	1	1	1	1	1	1	1	1	1	(L1_SingleMu20er||L1_SingleMu22||L1_SingleMu25)	AND	(L1_SingleEG5)
		HLT_Mu27_Ele37_CaloIdL_GsfTrkIdVL_v3	null	1	1	1	1	1	1	1	1	1	1	1	1	L1_SingleMu16||L1_SingleMu25		
		HLT_Mu28NoFiltersNoVtxDisplaced_Photon28_CaloIdL_v5	EXO-Disappearing Tracks	1	1	1	1	1	1	1	1	1	1	1	1	L1_Mu5_EG20||L1_MU20_EG15		
		HLT_Mu30_Ele30_CaloIdL_GsfTrkIdVL_v5	EXO-Disappearing Tracks	1	1	1	1	1	1	1	1	1	1	1	1	L1_SingleMu22||L1_SingleMu25||L1_MU20_EG15||L1_Mu5_EG20		
		HLT_Mu33NoFiltersNoVtxDisplaced_Photon33_CaloIdL_v5	EXO-Disappearing Tracks	1	1	1	1	1	1	1	1	1	1	1	1	L1_Mu5_EG20||L1_MU20_EG15		
		HLT_Mu37_Ele27_CaloIdL_GsfTrkIdVL_v3	EXO	1	1	1	1	1	1	1	1	1	1	1	1	L1_SingleMu16||L1_SingleMu25		
		HLT_Mu38NoFiltersNoVtx_Photon38_CaloIdL_v5	EXO-Disappearing Tracks	1	1	1	1	1	1	1	1	1	1	1	1	L1_Mu5_EG20||L1_MU20_EG15		
		HLT_Mu42NoFiltersNoVtx_Photon42_CaloIdL_v5	EXO-Disappearing Tracks	1	1	1	1	1	1	1	1	1	1	1	1	L1_Mu5_EG20||L1_MU20_EG15		
		HLT_Mu8_DiEle12_CaloIdL_TrackIdL_v6	HIG	1	1	1	1	1	1	1	1	1	1	1	1	L1_Mu6_DoubleEG10		
		HLT_Mu8_Ele8_CaloIdM_TrackIdM_Mass8_PFHT250_v4	null	1	1	1	1	1	1	1	1	1	1	1	1	L1_Mu6_HTT200||L1_Mu8_HTT150||L1_HTT160||L1_HTT200||L1_HTT220||L1_HTT240||L1_HTT255||L1_HTT270||L1_HTT280||L1_HTT300||L1_HTT320		
		HLT_Mu8_Ele8_CaloIdM_TrackIdM_Mass8_PFHT300_v7	null	1	1	1	1	1	1	1	1	1	1	1	1	L1_Mu6_HTT200||L1_Mu8_HTT150||L1_HTT160||L1_HTT200||L1_HTT220||L1_HTT240||L1_HTT255||L1_HTT270||L1_HTT280||L1_HTT300||L1_HTT320		
		HLT_Mu8_TrkIsoVVL_Ele17_CaloIdL_TrackIdL_IsoVL_v6	HIG	0	1	1	1	1	1	1	1	1	1	1	1	L1_Mu5_EG15		
		HLT_Mu8_TrkIsoVVL_Ele23_CaloIdL_TrackIdL_IsoVL_v6	HIG	1	1	1	1	1	1	1	1	1	1	1	1	L1_Mu5_EG20||L1_Mu5_IsoEG18		
	dataset SingleMuon																	
		HLT_DoubleIsoMu17_eta2p1_noDzCut_v2	null	1	1	1	1	1	1	1	1	1	1	1	1	L1_DoubleMu_12_5		
		HLT_DoubleIsoMu17_eta2p1_v4	TAU,HIG	1	1	1	1	1	1	1	1	1	1	1	1	L1_DoubleMu_12_5		
		HLT_IsoMu16_eta2p1_MET30_LooseIsoPFTau50_Trk30_eta2p1_v2	HIG,TAU. EXO	1	1	1	1	1	1	1	1	1	1	1	1	L1_Mu10er_ETM30||L1_Mu14er_ETM30		
		HLT_IsoMu16_eta2p1_MET30_v2	HIG,TAU	1	1	1	1	1	1	1	1	1	1	1	1	L1_Mu10er_ETM30||L1_Mu14er_ETM30		
		HLT_IsoMu17_eta2p1_LooseIsoPFTau20_SingleL1_v5	TAU,HIG	1	1	1	1	1	1	1	1	1	1	1	1	L1_SingleMu16er		
		HLT_IsoMu17_eta2p1_LooseIsoPFTau20_v5	TAU,HIG	0	1	1	1	1	1	1	1	1	1	1	1	L1_Mu16er_Tau20er		
		HLT_IsoMu18_v3	SMP/Top/Higgs (?)/Muon	0	0	0	0	1	1	1	1	1	1	1	1	L1_SingleMu16		
		HLT_IsoMu19_eta2p1_LooseIsoPFTau20_SingleL1_v2	TAU,HIG	1	1	1	1	1	1	1	1	1	1	1	1	L1_SingleMu18er||L1_SingleMu20er		
		HLT_IsoMu19_eta2p1_LooseIsoPFTau20_v2	TAU,HIG	1	1	1	1	1	1	1	1	1	1	1	1	L1_Mu18er_Tau20er		
		HLT_IsoMu19_eta2p1_MediumIsoPFTau32_Trk1_eta2p1_Reg_v2	null	1	1	1	1	1	1	1	1	1	1	1	1	L1_Mu18er_IsoTau26er||L1_Mu20er_IsoTau26er		
		HLT_IsoMu20_v4	SMP,muon	0	1	1	1	1	1	1	1	1	1	1	1	L1_SingleMu18		
		HLT_IsoMu21_eta2p1_LooseIsoPFTau20_SingleL1_v2	TAU,HIG	1	1	1	1	1	1	1	1	1	1	1	1	L1_SingleMu20er||L1_SingleMu22er		
		HLT_IsoMu21_eta2p1_MediumIsoPFTau32_Trk1_eta2p1_Reg_v2	null	1	1	1	1	1	1	1	1	1	1	1	1	L1_Mu18er_IsoTau26er||L1_Mu20er_IsoTau26er		
		HLT_IsoMu22_eta2p1_v2	TAU,HIG	1	1	1	1	1	1	1	1	1	1	1	1	L1_SingleMu20er		
		HLT_IsoMu22_v3	SMP/Top/Higgs (?)/Muon	1	1	1	1	1	1	1	1	1	1	1	1	L1_SingleMu20		
		HLT_IsoMu24_v2	SMP/Top/Higgs (?)/Muon	1	1	1	1	1	1	1	1	1	1	1	1	L1_SingleMu22		
		HLT_IsoMu27_v5	SMP	1	1	1	1	1	1	1	1	1	1	1	1	L1_SingleMu22||L1_SingleMu25		
		HLT_IsoTkMu18_v4	SMP,muon	0	0	0	0	1	1	1	1	1	1	1	1	L1_SingleMu16		
		HLT_IsoTkMu20_v6	SMP,muon	0	1	1	1	1	1	1	1	1	1	1	1	L1_SingleMu18		
		HLT_IsoTkMu22_eta2p1_v3	SMP,muon	1	1	1	1	1	1	1	1	1	1	1	1	L1_SingleMu20er		
		HLT_IsoTkMu22_v4	SMP,muon	1	1	1	1	1	1	1	1	1	1	1	1	L1_SingleMu20		
		HLT_IsoTkMu24_v3	SMP,muon	1	1	1	1	1	1	1	1	1	1	1	1	L1_SingleMu22		
		HLT_IsoTkMu27_v6	SMP	1	1	1	1	1	1	1	1	1	1	1	1	L1_SingleMu22||L1_SingleMu25		
		HLT_L1SingleMu18_v1	muon,description	80	6300	5500	4000	2500	1500	800	550	400	250	150	80	L1_SingleMu18		
		HLT_L1SingleMuOpen_v3	null	0	0	0	0	0	0	0	0	0	0	0	0	L1_SingleMuOpen		
		HLT_L2Mu10_v2	muon,description	2500	2300	2000	1500	1000	600	250	200	150	100	60	30	L1_SingleMu22		
		HLT_Mu10_TrkIsoVVL_DiPFJet40_DEta3p5_MJJ750_HTT350_PFMETNoMu60_v2	null	1	1	1	1	1	1	1	1	1	1	1	1	L1_Mu6_HTT200		
		HLT_Mu15_IsoVVVL_BTagCSV_p067_PFHT400_v3	SUSY,electron+hadronic	10	6	5	3	2	1	1	1	1	1	1	1	(L1_HTT200||L1_HTT220||L1_HTT240||L1_HTT255||L1_HTT270||L1_HTT280||L1_HTT300||L1_HTT320)	AND	(L1_SingleMuOpen)
		HLT_Mu15_IsoVVVL_PFHT350_PFMET50_v4	SUSY,electron+hadronic	1	1	1	1	1	1	1	1	1	1	1	1	(L1_HTT200||L1_HTT220||L1_HTT240||L1_HTT255||L1_HTT270||L1_HTT280||L1_HTT300||L1_HTT320)	AND	(L1_SingleMuOpen)
		HLT_Mu15_IsoVVVL_PFHT350_v4	SUSY,electron+hadronic	10	1	1	1	1	1	1	1	1	1	1	1	(L1_HTT200||L1_HTT220||L1_HTT240||L1_HTT255||L1_HTT270||L1_HTT280||L1_HTT300||L1_HTT320)	AND	(L1_SingleMuOpen)
		HLT_Mu15_IsoVVVL_PFHT400_PFMET50_v2	SUSY,electron+hadronic	1	1	1	1	1	1	1	1	1	1	1	1	(L1_HTT200||L1_HTT220||L1_HTT240||L1_HTT255||L1_HTT270||L1_HTT280||L1_HTT300||L1_HTT320)	AND	(L1_SingleMuOpen)
		HLT_Mu15_IsoVVVL_PFHT400_v2	SUSY,electron+hadronic	1	1	1	1	1	1	1	1	1	1	1	1	(L1_HTT200||L1_HTT220||L1_HTT240||L1_HTT255||L1_HTT270||L1_HTT280||L1_HTT300||L1_HTT320)	AND	(L1_SingleMuOpen)
		HLT_Mu15_IsoVVVL_PFHT600_v5	SUSY,electron+hadronic	1	1	1	1	1	1	1	1	1	1	1	1	(L1_HTT200||L1_HTT220||L1_HTT240||L1_HTT255||L1_HTT270||L1_HTT280||L1_HTT300||L1_HTT320)	AND	(L1_SingleMuOpen)
		HLT_Mu16_eta2p1_MET30_v2	HIG,TAU	120	100	90	60	40	25	12	9	6	4	2	1	L1_Mu14er_ETM30		
		HLT_Mu20_v3	SMP	6	460	400	300	200	120	50	40	30	20	12	6	L1_SingleMu18		
		HLT_Mu24_eta2p1_v4	SMP,EXO	300	230	200	150	100	60	30	20	15	10	6	3	L1_SingleMu20er||L1_SingleMu22		
		HLT_Mu27_v4	SMP	200	170	150	100	70	40	20	15	10	8	4	2	L1_SingleMu22||L1_SingleMu25		
		HLT_Mu28NoFiltersNoVtx_CentralCaloJet40_v3	EXO-Disappearing Tracks	600	300	300	200	140	80	40	35	20	15	8	4	L1_SingleMu22||L1_SingleMu25		
		HLT_Mu28NoFiltersNoVtx_DisplacedJet40_Loose_v3	EXO-Disappearing Tracks	140	70	70	50	35	20	10	7	5	3	2	1	L1_SingleMu22||L1_SingleMu25		
		HLT_Mu300_v2	EXO-Disappearing Tracks	1	1	1	1	1	1	1	1	1	1	1	1	L1_SingleMu22||L1_SingleMu25||L1_SingleMu30		
		HLT_Mu30_eta2p1_PFJet150_PFJet50_v2	B2G,,High pt unisolated lepton trigger plus jets in a boosted regime	0	1	1	1	1	1	1	1	1	1	1	1	L1_SingleMu16er||L1_SingleMu20er		
		HLT_Mu33NoFiltersNoVtxDisplaced_DisplacedJet50_Loose_v3	EXO,A path which requires one displaced muon(dxy > 0.01cm) and one loose displaced jet(at most 2 prompt jet with dxy<0.2)	1	1	1	1	1	1	1	1	1	1	1	1	L1_SingleMu22||L1_SingleMu25		
		HLT_Mu33NoFiltersNoVtxDisplaced_DisplacedJet50_Tight_v3	EXO-Disappearing Tracks	1	1	1	1	1	1	1	1	1	1	1	1	L1_SingleMu22||L1_SingleMu25		
		HLT_Mu350_v2	PPD	1	1	1	1	1	1	1	1	1	1	1	1	L1_SingleMu22||L1_SingleMu25||L1_SingleMu30		
		HLT_Mu38NoFiltersNoVtxDisplaced_DisplacedJet60_Loose_v3	EXO,Backup path which requires one displaced muon(dxy > 0.01cm) and one loose displaced jet(at most 2 prompt jet with dxy<0.2)	1	1	1	1	1	1	1	1	1	1	1	1	L1_SingleMu22||L1_SingleMu25		
		HLT_Mu38NoFiltersNoVtxDisplaced_DisplacedJet60_Tight_v3	EXO,Backup path which requires one displaced muon(dxy > 0.01cm) and one tight displaced jet(at most 1 prompt jet with dxy<0.2)	1	1	1	1	1	1	1	1	1	1	1	1	L1_SingleMu22||L1_SingleMu25		
		HLT_Mu38NoFiltersNoVtx_DisplacedJet60_Loose_v3	EXO-Disappearing Tracks	1	1	1	1	1	1	1	1	1	1	1	1	L1_SingleMu22||L1_SingleMu25		
		HLT_Mu40_eta2p1_PFJet200_PFJet50_v4	B2G,,High pt unisolated lepton trigger plus jets in a boosted regime	1	1	1	1	1	1	1	1	1	1	1	1	L1_SingleMu16er||L1_SingleMu20er		
		HLT_Mu45_eta2p1_v4	EXO,SMP,muon	1	1	1	1	1	1	1	1	1	1	1	1	L1_SingleMu22||L1_SingleMu25		
		HLT_Mu50_IsoVVVL_PFHT400_v2	SUSY,electron+hadronic	1	1	1	1	1	1	1	1	1	1	1	1	(L1_HTT200||L1_HTT220||L1_HTT240||L1_HTT255||L1_HTT270||L1_HTT280||L1_HTT300||L1_HTT320)	AND	(L1_SingleMuOpen)
		HLT_Mu50_v4	EXO,SMP,muon	1	1	1	1	1	1	1	1	1	1	1	1	L1_SingleMu22||L1_SingleMu25		
		HLT_Mu55_v3	EXO	1	1	1	1	1	1	1	1	1	1	1	1	L1_SingleMu22||L1_SingleMu25		
		HLT_Mu8_TrkIsoVVL_DiPFJet40_DEta3p5_MJJ750_HTT300_PFMETNoMu60_v1	null	1	1	1	1	1	1	1	1	1	1	1	1	L1_Mu6_HTT200		
		HLT_TkMu20_v4	SMP	6	460	400	300	200	120	50	40	30	20	12	6	L1_SingleMu18		
		HLT_TkMu24_eta2p1_v5	SMP	300	230	200	150	100	60	30	20	15	10	6	3	L1_SingleMu20er||L1_SingleMu22		
		HLT_TkMu27_v5	SMP	200	170	150	100	70	40	20	15	10	8	4	2	L1_SingleMu22||L1_SingleMu25		
		HLT_TkMu50_v3	EXO,SMP,muon	1	1	1	1	1	1	1	1	1	1	1	1	L1_SingleMu22||L1_SingleMu25		
stream PhysicsParkingScoutingMonitor																		
	dataset ParkingScoutingMonitor																	
		DST_CaloJet40_BTagScouting_v4		10	10	10	10	10	10	10	10	10	10	10	10	L1_ZeroBias		
		DST_CaloJet40_CaloBTagScouting_v3		10	10	10	10	10	10	10	10	10	10	10	10	L1_ZeroBias		
		DST_CaloJet40_CaloScouting_PFScouting_v4		10	10	10	10	10	10	10	10	10	10	10	10	L1_ZeroBias		
		DST_DoubleMu3_Mass10_BTagScouting_v4	EXO	1	1	1	1	1	1	1	1	1	1	1	1	L1_DoubleMu_11_4||L1_DoubleMu_12_5		
		DST_DoubleMu3_Mass10_CaloScouting_PFScouting_v3	EXO	1	1	1	1	1	1	1	1	1	1	1	1	L1_DoubleMu_11_4||L1_DoubleMu_12_5		
		DST_HT250_CaloBTagScouting_v2	EXO	1	1	1	1	1	1	1	1	1	1	1	1	L1_HTT200||L1_HTT240||L1_HTT270||L1_HTT280||L1_HTT300||L1_HTT320		
		DST_HT250_CaloScouting_v4	EXO	1	1	1	1	1	1	1	1	1	1	1	1	L1_HTT200||L1_HTT240||L1_HTT270||L1_HTT280||L1_HTT300||L1_HTT320		
		DST_HT410_BTagScouting_v4	EXO	1	1	1	1	1	1	1	1	1	1	1	1	L1_HTT200||L1_HTT240||L1_HTT270||L1_HTT280||L1_HTT300||L1_HTT320		
		DST_HT410_PFScouting_v4	EXO	1	1	1	1	1	1	1	1	1	1	1	1	L1_HTT200||L1_HTT240||L1_HTT270||L1_HTT280||L1_HTT300||L1_HTT320		
		DST_HT450_BTagScouting_v4	EXO	1	1	1	1	1	1	1	1	1	1	1	1	L1_HTT200||L1_HTT240||L1_HTT270||L1_HTT280||L1_HTT300||L1_HTT320		
		DST_HT450_PFScouting_v4	EXO	1	1	1	1	1	1	1	1	1	1	1	1	L1_HTT200||L1_HTT240||L1_HTT270||L1_HTT280||L1_HTT300||L1_HTT320		
		DST_L1DoubleMu_BTagScouting_v4	EXO	1000	1000	1000	1000	1000	1000	1000	1000	1000	1000	1000	1000	L1_DoubleMu_11_4||L1_DoubleMu_12_5		
		DST_L1DoubleMu_CaloScouting_PFScouting_v3	EXO	1000	1000	1000	1000	1000	1000	1000	1000	1000	1000	1000	1000	L1_DoubleMu_11_4||L1_DoubleMu_12_5		
		DST_L1HTT_BTagScouting_v4	EXO	1000	1000	1000	1000	1000	1000	1000	1000	1000	1000	1000	1000	L1_HTT200||L1_HTT240||L1_HTT270||L1_HTT280||L1_HTT300||L1_HTT320		
		DST_L1HTT_CaloBTagScouting_v3	EXO	1000	1000	1000	1000	1000	1000	1000	1000	1000	1000	1000	1000	L1_HTT200||L1_HTT240||L1_HTT270||L1_HTT280||L1_HTT300||L1_HTT320		
		DST_L1HTT_CaloScouting_PFScouting_v4	EXO	1000	1000	1000	1000	1000	1000	1000	1000	1000	1000	1000	1000	L1_HTT200||L1_HTT240||L1_HTT270||L1_HTT280||L1_HTT300||L1_HTT320		
		DST_ZeroBias_BTagScouting_v4		200	200	200	200	200	200	200	200	200	200	200	200	L1_ZeroBias		
		DST_ZeroBias_CaloScouting_PFScouting_v3		200	200	200	200	200	200	200	200	200	200	200	200	L1_ZeroBias		
		HLT_HT410to430_v3	EXO	1	1	1	1	1	1	1	1	1	1	1	1	L1_HTT200||L1_HTT240||L1_HTT270||L1_HTT280||L1_HTT300||L1_HTT320		
		HLT_HT430to450_v3	EXO	1	1	1	1	1	1	1	1	1	1	1	1	L1_HTT200||L1_HTT240||L1_HTT270||L1_HTT280||L1_HTT300||L1_HTT320		
		HLT_HT450to470_v3	EXO	1	1	1	1	1	1	1	1	1	1	1	1	L1_HTT200||L1_HTT240||L1_HTT270||L1_HTT280||L1_HTT300||L1_HTT320		
		HLT_HT470to500_v3	EXO	1	1	1	1	1	1	1	1	1	1	1	1	L1_HTT200||L1_HTT240||L1_HTT270||L1_HTT280||L1_HTT300||L1_HTT320		
		HLT_HT500to550_v3	EXO	1	1	1	1	1	1	1	1	1	1	1	1	L1_HTT200||L1_HTT240||L1_HTT270||L1_HTT280||L1_HTT300||L1_HTT320		
		HLT_HT550to650_v3	EXO	1	1	1	1	1	1	1	1	1	1	1	1	L1_HTT200||L1_HTT240||L1_HTT270||L1_HTT280||L1_HTT300||L1_HTT320		
		HLT_HT650_v4	EXO	1	1	1	1	1	1	1	1	1	1	1	1	L1_HTT200||L1_HTT240||L1_HTT270||L1_HTT280||L1_HTT300||L1_HTT320		
stream RPCMON																		
	dataset RPCMonitor																	
		AlCa_RPCMuonNoHits_v3	null	3	3	3	3	2	2	1	1	1	1	1	1	L1_SingleMu5||L1_SingleMu14er||L1_SingleMu16er||L1_SingleMu18er||L1_SingleMu20er		
		AlCa_RPCMuonNoTriggers_v3	null	3	3	3	3	2	2	1	1	1	1	1	1	L1_SingleMu5||L1_SingleMu14er||L1_SingleMu16er||L1_SingleMu18er||L1_SingleMu20er		
		AlCa_RPCMuonNormalisation_v3	null	15	10	10	6	4	5	4	3	2	1	1	1	L1_SingleMu5||L1_SingleMu14er||L1_SingleMu16er||L1_SingleMu18er||L1_SingleMu20er		
stream ScoutingCalo																		
	dataset ScoutingCaloCommissioning																	
		DST_CaloJet40_CaloBTagScouting_v3		10	10	10	10	10	10	10	10	10	10	10	10	L1_ZeroBias		
		DST_CaloJet40_CaloScouting_PFScouting_v4		10	10	10	10	10	10	10	10	10	10	10	10	L1_ZeroBias		
		DST_L1HTT_CaloBTagScouting_v3	EXO	1000	1000	1000	1000	1000	1000	1000	1000	1000	1000	1000	1000	L1_HTT200||L1_HTT240||L1_HTT270||L1_HTT280||L1_HTT300||L1_HTT320		
		DST_L1HTT_CaloScouting_PFScouting_v4	EXO	1000	1000	1000	1000	1000	1000	1000	1000	1000	1000	1000	1000	L1_HTT200||L1_HTT240||L1_HTT270||L1_HTT280||L1_HTT300||L1_HTT320		
	dataset ScoutingCaloHT																	
		DST_HT250_CaloBTagScouting_v2	EXO	1	1	1	1	1	1	1	1	1	1	1	1	L1_HTT200||L1_HTT240||L1_HTT270||L1_HTT280||L1_HTT300||L1_HTT320		
		DST_HT250_CaloScouting_v4	EXO	1	1	1	1	1	1	1	1	1	1	1	1	L1_HTT200||L1_HTT240||L1_HTT270||L1_HTT280||L1_HTT300||L1_HTT320		
stream ScoutingPF																		
	dataset ScoutingPFCommissioning																	
		DST_CaloJet40_BTagScouting_v4		10	10	10	10	10	10	10	10	10	10	10	10	L1_ZeroBias		
		DST_CaloJet40_CaloScouting_PFScouting_v4		10	10	10	10	10	10	10	10	10	10	10	10	L1_ZeroBias		
		DST_L1DoubleMu_BTagScouting_v4	EXO	1000	1000	1000	1000	1000	1000	1000	1000	1000	1000	1000	1000	L1_DoubleMu_11_4||L1_DoubleMu_12_5		
		DST_L1DoubleMu_CaloScouting_PFScouting_v3	EXO	1000	1000	1000	1000	1000	1000	1000	1000	1000	1000	1000	1000	L1_DoubleMu_11_4||L1_DoubleMu_12_5		
		DST_L1HTT_BTagScouting_v4	EXO	1000	1000	1000	1000	1000	1000	1000	1000	1000	1000	1000	1000	L1_HTT200||L1_HTT240||L1_HTT270||L1_HTT280||L1_HTT300||L1_HTT320		
		DST_L1HTT_CaloScouting_PFScouting_v4	EXO	1000	1000	1000	1000	1000	1000	1000	1000	1000	1000	1000	1000	L1_HTT200||L1_HTT240||L1_HTT270||L1_HTT280||L1_HTT300||L1_HTT320		
		DST_ZeroBias_BTagScouting_v4		200	200	200	200	200	200	200	200	200	200	200	200	L1_ZeroBias		
		DST_ZeroBias_CaloScouting_PFScouting_v3		200	200	200	200	200	200	200	200	200	200	200	200	L1_ZeroBias		
	dataset ScoutingPFHT																	
		DST_HT410_BTagScouting_v4	EXO	1	1	1	1	1	1	1	1	1	1	1	1	L1_HTT200||L1_HTT240||L1_HTT270||L1_HTT280||L1_HTT300||L1_HTT320		
		DST_HT410_PFScouting_v4	EXO	1	1	1	1	1	1	1	1	1	1	1	1	L1_HTT200||L1_HTT240||L1_HTT270||L1_HTT280||L1_HTT300||L1_HTT320		
		DST_HT450_BTagScouting_v4	EXO	1	1	1	1	1	1	1	1	1	1	1	1	L1_HTT200||L1_HTT240||L1_HTT270||L1_HTT280||L1_HTT300||L1_HTT320		
		DST_HT450_PFScouting_v4	EXO	1	1	1	1	1	1	1	1	1	1	1	1	L1_HTT200||L1_HTT240||L1_HTT270||L1_HTT280||L1_HTT300||L1_HTT320		
	dataset ScoutingPFMuons																	
		DST_DoubleMu3_Mass10_BTagScouting_v4	EXO	1	1	1	1	1	1	1	1	1	1	1	1	L1_DoubleMu_11_4||L1_DoubleMu_12_5		
		DST_DoubleMu3_Mass10_CaloScouting_PFScouting_v3	EXO	1	1	1	1	1	1	1	1	1	1	1	1	L1_DoubleMu_11_4||L1_DoubleMu_12_5		